date,WS MAX KM,TEMP MIN DEG,TEMP MAX DEG,RH MIN %,RH MAX %,RAIN SUM MM,Weather COLD/HOT,Weather Rainfall,Wind State,PM25
1/1/2016,14.8,12.2,30.7,31.4,86.4,0,COLD,DRY,Calm,#N/A
1/2/2016,16.9,12,29.4,31.6,84.4,0,COLD,DRY,Calm,#N/A
1/3/2016,13.7,12.4,29,36.3,82.7,0,COLD,DRY,Calm,#N/A
1/4/2016,11.9,12.7,29.5,34.6,85.8,0,COLD,DRY,Calm,#N/A
1/5/2016,14.8,12,29,31,83.9,0,COLD,DRY,Calm,#N/A
1/6/2016,13.3,12.4,29,32.1,83.7,0,COLD,DRY,Calm,#N/A
1/7/2016,11.2,11.7,29.8,36.7,84.2,0,COLD,DRY,Calm,#N/A
1/8/2016,10.1,13.4,29.6,39,84.5,0.2,COLD,DRY,Calm,#N/A
1/9/2016,12.2,17.7,31.8,33.8,100,0,COLD,DRY,Calm,#N/A
1/10/2016,16.9,14.9,28.7,32.7,100,0,COLD,DRY,Calm,#N/A
1/11/2016,16.6,11.2,29.1,26.5,86,0,COLD,DRY,Calm,#N/A
1/12/2016,19.8,11.1,26.6,33.1,82.8,0,COLD,DRY,Calm,#N/A
1/13/2016,20.2,11.1,27,34.8,83.6,0,COLD,DRY,Calm,#N/A
1/14/2016,15.1,11.7,28.1,34.1,83.3,0,COLD,DRY,Calm,#N/A
1/15/2016,14.8,12.1,29.7,33.6,86.2,0,COLD,DRY,Calm,#N/A
1/16/2016,16.6,14.4,29.8,32.2,100,0,COLD,DRY,Calm,#N/A
1/17/2016,17.6,13,28.6,37.4,84.6,0,COLD,DRY,Calm,#N/A
1/18/2016,16.6,12.6,28,30,85.4,0.2,COLD,DRY,Calm,#N/A
1/19/2016,15.5,13.6,29.1,36.5,85.1,0,COLD,DRY,Calm,#N/A
1/20/2016,17.6,16.6,27,52,86.6,0,COLD,DRY,Calm,#N/A
1/21/2016,15.1,14.6,25.3,52.7,86.7,0,COLD,DRY,Calm,#N/A
1/22/2016,23.4,12.1,22.8,51.7,99.8,0,COLD,DRY,Calm,#N/A
1/23/2016,25.2,10.5,24.7,38.8,100,0,COLD,DRY,Calm,#N/A
1/24/2016,20.2,8.8,25.1,30.5,88.4,0,COLD,DRY,Calm,#N/A
1/25/2016,20.5,6.8,26.4,27,84.7,0,COLD,DRY,Calm,#N/A
1/26/2016,21.2,8.7,26.2,28.8,81.5,0,COLD,DRY,Calm,#N/A
1/27/2016,11.9,8.8,26.6,34.3,84.6,0,COLD,DRY,Calm,#N/A
1/28/2016,16.2,15.1,29.1,47.8,83.7,0,COLD,DRY,Calm,#N/A
1/29/2016,14.4,15.4,27.9,50.4,87.1,0.2,COLD,DRY,Calm,#N/A
1/30/2016,13,12.4,28.8,33.9,84.9,0,COLD,DRY,Calm,#N/A
1/31/2016,14.4,15.4,30.4,53.9,87.7,0,COLD,DRY,Calm,#N/A
2/1/2016,18.7,17.8,32.5,29.3,100,0,COLD,DRY,Calm,#N/A
2/2/2016,17.3,17.4,32,41.7,100,0,COLD,DRY,Calm,#N/A
2/3/2016,16.6,18.1,30.1,37.1,86.9,0,COLD,DRY,Calm,#N/A
2/4/2016,28.4,15.5,28.9,31.1,84.6,0,COLD,DRY,Calm,#N/A
2/5/2016,17.3,11.9,30.1,30.7,80.8,0,COLD,DRY,Calm,#N/A
2/6/2016,14.4,12.6,30.3,32.1,82.5,0,COLD,DRY,Calm,#N/A
2/7/2016,16.6,11.8,31.2,26.6,81.2,0,COLD,DRY,Calm,#N/A
2/8/2016,17.3,13.7,31.7,30.7,84.3,0,COLD,DRY,Calm,#N/A
2/9/2016,18.4,19.4,30.2,53.6,100,2.8,COLD,Rainy,Calm,#N/A
2/10/2016,13.3,18.8,30.6,38.2,100,0,COLD,DRY,Calm,#N/A
2/11/2016,19.8,18.4,31,49.6,100,0,COLD,DRY,Calm,#N/A
2/12/2016,27.4,20.4,31.2,56.1,100,0,COLD,DRY,Calm,#N/A
2/13/2016,20.9,18.2,31.8,34.3,100,0,COLD,DRY,Calm,#N/A
2/14/2016,14,19.8,32.1,51,100,0,COLD,DRY,Calm,#N/A
2/15/2016,11.9,20.2,35.3,44.3,100,0,COLD,DRY,Calm,#N/A
2/16/2016,15.1,21.6,34.7,41.8,100,0,COLD,DRY,Calm,#N/A
2/17/2016,14.4,20.2,35.6,28.1,85.1,0,COLD,DRY,Calm,#N/A
2/18/2016,15.8,20.1,35.8,33.4,83.6,0,COLD,DRY,Calm,#N/A
2/19/2016,18.4,20.7,36.6,27.8,85.3,0,COLD,DRY,Calm,#N/A
2/20/2016,18.7,20.6,37.7,29.2,85.5,0,COLD,DRY,Calm,#N/A
2/21/2016,17.3,21.1,38.2,27.5,85.1,0,COLD,DRY,Calm,#N/A
2/22/2016,18,21.4,35.4,26.1,89.6,0,COLD,DRY,Calm,#N/A
2/23/2016,27.4,20.2,33.2,48.5,84.8,6.4,COLD,Rainy,Calm,#N/A
2/24/2016,27.7,21.5,28.9,64.9,100,22.2,COLD,Rainy,Calm,#N/A
2/25/2016,20.9,20,32,44.3,100,16.6,COLD,Rainy,Calm,#N/A
2/26/2016,25.6,20.2,33,39.4,96.6,0.2,COLD,DRY,Calm,#N/A
2/27/2016,18.4,21.7,34,35.7,84,0,COLD,DRY,Calm,#N/A
2/28/2016,17.3,20.2,35.3,36.6,83.9,0,COLD,DRY,Calm,#N/A
2/29/2016,57.6,20.6,35.6,34,84.4,0,COLD,DRY,Windy,#N/A
3/1/2016,16.9,19.9,35.5,34.3,84.8,0,COLD,DRY,Calm,#N/A
3/2/2016,22.3,20.7,34.7,36.9,86.8,0,COLD,DRY,Calm,#N/A
3/3/2016,17.6,19.4,35.4,41.2,84.6,0,COLD,DRY,Calm,#N/A
3/4/2016,19.1,22.8,36.6,35.5,100,0,HOT,DRY,Calm,#N/A
3/5/2016,15.1,22.4,37.3,33,100,0,HOT,DRY,Calm,#N/A
3/6/2016,36,22.1,36.4,44.7,96.7,0,HOT,DRY,Windy,#N/A
3/7/2016,15.8,20.9,35.9,38.6,83.9,0,COLD,DRY,Calm,#N/A
3/8/2016,18.7,22.2,36.1,27.1,100,0,HOT,DRY,Calm,176
3/9/2016,21.6,21.2,37,35.8,84,0,COLD,DRY,Calm,179
3/10/2016,16.9,24.1,36,39.8,85.7,0,HOT,DRY,Calm,181
3/11/2016,16.6,25.4,37.3,31.8,100,0,HOT,DRY,Calm,174
3/12/2016,16.6,25.4,37.9,28.2,100,0,HOT,DRY,Calm,178
3/13/2016,26.3,22.7,36.1,27.9,100,0,HOT,DRY,Calm,170
3/14/2016,27.4,20.2,34.8,28.2,84.3,0,COLD,DRY,Calm,176
3/15/2016,18.4,20.5,35.9,31,79.3,0,COLD,DRY,Calm,198
3/16/2016,18.4,23,36.5,33.7,81.8,0,HOT,DRY,Calm,205
3/17/2016,19.8,20.4,37.6,20.7,87.6,0,COLD,DRY,Calm,191
3/18/2016,18.4,18.5,37.9,26,80.8,0,COLD,DRY,Calm,196
3/19/2016,30.6,23.3,32.4,55,100,1.4,HOT,Rainy,Calm,152
3/20/2016,18.4,22.3,36.5,43.9,100,0,HOT,DRY,Calm,167
3/21/2016,24.8,24.7,38.8,33.5,100,0,HOT,DRY,Calm,155
3/22/2016,21.6,25.2,39.9,16.1,100,0,HOT,DRY,Calm,157
3/23/2016,21.6,19.9,36.8,23.2,100,0,COLD,DRY,Calm,165
3/24/2016,18.7,16.8,38.9,15.4,81.5,0,COLD,DRY,Calm,181
3/25/2016,18.7,18.3,38,28.8,76.5,0,COLD,DRY,Calm,195
3/26/2016,18.7,21.7,38.8,27.7,82.5,0,COLD,DRY,Calm,237
3/27/2016,32.8,23.8,36.7,41.5,100,0,HOT,DRY,Calm,160
3/28/2016,32.8,22.6,34.7,53.2,100,0,HOT,DRY,Calm,122
3/29/2016,28.8,22.1,37.6,42.1,100,0,HOT,DRY,Calm,146
3/30/2016,25.2,23.2,37.9,38.6,96,6,HOT,Rainy,Calm,157
3/31/2016,30.2,22.2,34.7,52.8,100,15.8,HOT,Rainy,Calm,146
4/1/2016,52.6,18.8,33,49,100,30.2,COLD,Rainy,Windy,128
4/2/2016,25.2,23.3,32.3,65.2,100,7.6,HOT,Rainy,Calm,145
4/3/2016,26.6,25.6,34.6,60.8,100,0,HOT,DRY,Calm,143
4/4/2016,31.3,26.1,36.6,52,100,0,HOT,DRY,Calm,121
4/5/2016,47.2,25,34.2,59.7,100,0,HOT,DRY,Windy,118
4/6/2016,24.8,24.2,39.9,44.9,100,0,HOT,DRY,Calm,144
4/7/2016,30.2,27,40.5,38.7,100,0,HOT,DRY,Calm,144
4/8/2016,24.5,27.4,39.9,40.7,100,0,HOT,DRY,Calm,144
4/9/2016,23.4,26.6,40.1,42.8,100,0,HOT,DRY,Calm,135
4/10/2016,25.9,26.5,39.8,42.7,100,0,HOT,DRY,Calm,135
4/11/2016,27,26.7,41.4,36.4,100,0,HOT,DRY,Calm,136
4/12/2016,19.1,27.3,39.8,42.4,100,0,HOT,DRY,Calm,146
4/13/2016,26.3,27.1,40.4,29.9,100,0,HOT,DRY,Calm,149
4/14/2016,31.3,27,39.9,38.8,88.7,0,HOT,DRY,Calm,118
4/15/2016,31.7,27.7,40.8,39.2,85.8,0,HOT,DRY,Calm,128
4/16/2016,39.2,27.9,37.7,48.6,87,0,HOT,DRY,Windy,116
4/17/2016,28.4,27.7,39.1,48.4,84,0,HOT,DRY,Calm,111
4/18/2016,33.5,28,39,42.6,87.1,0,HOT,DRY,Calm,120
4/19/2016,29.9,27.3,40.9,36.2,99.3,0,HOT,DRY,Calm,114
4/20/2016,35.3,27.1,40.4,37.4,87.4,0,HOT,DRY,Windy,131
4/21/2016,38.9,27.7,38.5,47.3,84.3,0,HOT,DRY,Windy,112
4/22/2016,36.7,28.9,39.8,41.5,79.7,0,HOT,DRY,Windy,127
4/23/2016,37.1,28.8,39.2,46,82.6,0,HOT,DRY,Windy,122
4/24/2016,30.2,28.2,43.6,22.2,86.9,0,HOT,DRY,Calm,128
4/25/2016,31.7,28.4,40.2,40.9,82.8,0,HOT,DRY,Calm,121
4/26/2016,32.8,28.2,40.3,39.6,85.5,0,HOT,DRY,Calm,115
4/27/2016,29.5,28.6,40.9,41,82.7,0,HOT,DRY,Calm,116
4/28/2016,29.9,28.2,38.8,46.7,87.6,0,HOT,DRY,Calm,122
4/29/2016,28.4,29.1,40.8,43.1,81.4,0,HOT,DRY,Calm,136
4/30/2016,27.4,28.2,41.6,33.6,100,0,HOT,DRY,Calm,126
5/1/2016,62.6,22.1,42.1,30,100,11.2,HOT,Rainy,Windy,122
5/2/2016,46.4,23.1,39.3,45.4,84.8,4,HOT,Rainy,Windy,127
5/3/2016,22.3,22.8,38,51,88.4,0,HOT,DRY,Calm,138
5/4/2016,25.6,25.2,36.6,41,85.4,0,HOT,DRY,Calm,113
5/5/2016,25.9,24.4,39.5,35.7,88.2,0,HOT,DRY,Calm,145
5/6/2016,28.1,25.9,40.9,32.5,83,0,HOT,DRY,Calm,147
5/7/2016,38.5,22.6,39.7,42.3,100,30.4,HOT,Rainy,Windy,134
5/8/2016,32,22.9,38.1,41.1,100,0.4,HOT,DRY,Calm,124
5/9/2016,15.5,26.9,39.9,39.8,85.4,0,HOT,DRY,Calm,164
5/10/2016,14.4,26,40.6,38.1,83.8,0,HOT,DRY,Calm,166
5/11/2016,32.4,26.3,40.7,40.1,84,0,HOT,DRY,Calm,158
5/12/2016,35.6,27.4,40.5,36.7,85.3,0,HOT,DRY,Windy,148
5/13/2016,54.7,22,39.2,45.1,100,37.6,HOT,Rainy,Windy,103
5/14/2016,30.6,22.9,38.1,48.6,100,2.2,HOT,Rainy,Calm,118
5/15/2016,34.6,27.3,38.8,48.2,84.7,0,HOT,DRY,Calm,109
5/16/2016,30.2,28.6,38.3,44.4,82.5,0,HOT,DRY,Calm,96
5/17/2016,46.8,25.5,36.7,54.4,83.5,3.8,HOT,Rainy,Windy,79
5/18/2016,29.5,24.7,37.2,53.3,100,12.2,HOT,Rainy,Calm,93
5/19/2016,34.6,25.2,34.6,61.1,100,7.4,HOT,Rainy,Calm,81
5/20/2016,22,25,30.2,73.3,100,1,HOT,Rainy,Calm,72
5/21/2016,49.3,24.1,28.5,72.6,100,0,HOT,DRY,Windy,54
5/22/2016,13.7,25.1,37.4,54.1,100,0,HOT,DRY,Calm,133
5/23/2016,19.4,27.8,37,55,93.3,0,HOT,DRY,Calm,115
5/24/2016,58.3,25.1,38,53.9,89.1,17.8,HOT,Rainy,Windy,134
5/25/2016,47.2,24.6,38.2,52.5,100,44,HOT,Rainy,Windy,131
5/26/2016,32.8,24.7,38,53.4,100,6.8,HOT,Rainy,Calm,139
5/27/2016,27.4,26.8,34.3,52.8,100,0,HOT,DRY,Calm,134
5/28/2016,5.4,28,28,80.6,80.6,0,HOT,DRY,Calm,112
7/26/2016,0,27.8,27.9,85.5,86.3,0,HOT,DRY,Calm,80
7/27/2016,21.6,27.5,35.6,53.8,80.1,0,HOT,DRY,Calm,90
7/28/2016,17.3,27.1,38.5,45.2,85.6,0,HOT,DRY,Calm,94
7/29/2016,18.7,27.6,34.1,59,85.6,0,HOT,DRY,Calm,152
7/30/2016,34.9,27.1,38.7,48,88.4,11,HOT,Rainy,Calm,123
7/31/2016,28.8,27.1,38,46.8,100,2,HOT,Rainy,Calm,96
8/1/2016,23.4,25.5,35.3,55.3,92.2,14.4,HOT,Rainy,Calm,94
8/2/2016,31.3,26,34.1,60.7,100,13.2,HOT,Rainy,Calm,63
8/3/2016,32.8,27.3,35,56.9,87.5,6,HOT,Rainy,Calm,87
8/4/2016,34.6,27.2,35.2,57.3,88.9,4.6,HOT,Rainy,Calm,65
8/5/2016,37.8,27.3,34.6,61.1,89.4,2.8,HOT,Rainy,Windy,64
8/6/2016,29.2,26.4,33,66.5,100,14,HOT,Rainy,Calm,69
8/7/2016,22,26.1,30.8,77.2,100,18.2,HOT,Rainy,Calm,70
8/8/2016,18,26.9,36.3,55.4,100,1.2,HOT,Rainy,Calm,76
8/9/2016,38.2,26.4,32.1,68.8,95.6,8,HOT,Rainy,Windy,66
8/10/2016,59,25.4,28.2,85.3,100,40,HOT,Rainy,Windy,56
8/11/2016,23,25.6,34,68.3,100,24.6,HOT,Rainy,Calm,87
8/12/2016,31.7,27.2,35.3,60.5,96.5,0.2,HOT,DRY,Calm,96
8/13/2016,28.1,28,36,56,92.8,0,HOT,DRY,Calm,115
8/14/2016,17.6,28.5,33.9,67.9,88.9,6.4,HOT,Rainy,Calm,122
8/15/2016,17.6,28.1,39.2,46.4,90.3,0.2,HOT,DRY,Calm,109
8/16/2016,31.3,27.7,35.7,54,86.9,1,HOT,Rainy,Calm,73
8/17/2016,40.3,26.2,30.2,73.9,94,14.6,HOT,Rainy,Windy,56
8/18/2016,27,27.3,35.8,55.1,92.6,5.6,HOT,Rainy,Calm,102
8/19/2016,18,27.7,37.5,48.5,88.7,0,HOT,DRY,Calm,120
8/20/2016,18,28.1,38.6,48.3,84.8,0,HOT,DRY,Calm,136
8/21/2016,53.6,23,30.1,77.7,100,176.2,HOT,Rainy,Windy,112
8/22/2016,27,24.5,35.1,54.7,100,2.2,HOT,Rainy,Calm,105
8/23/2016,12.2,25.8,38,43.4,90.3,0,HOT,DRY,Calm,158
8/24/2016,11.2,28,38.5,46.4,83.9,0,HOT,DRY,Calm,156
8/25/2016,14.8,28.7,40,44.8,85.8,0,HOT,DRY,Calm,153
8/26/2016,18.7,28.6,38.1,47.8,83.2,0.2,HOT,DRY,Calm,90
8/27/2016,16.2,28,40,44.4,84.2,0,HOT,DRY,Calm,101
8/28/2016,14.4,28.1,33.6,61.3,84.7,3.4,HOT,Rainy,Calm,115
8/29/2016,23,27.3,37.7,49.1,88.7,0,HOT,DRY,Calm,114
8/30/2016,18.7,27.5,37.3,49.9,86.8,0,HOT,DRY,Calm,88
8/31/2016,24.5,27.8,35.8,57.2,84.5,0,HOT,DRY,Calm,75
9/1/2016,33.8,27.6,35.8,55.7,86,0,HOT,DRY,Calm,100
9/2/2016,23,27.9,36,59.8,86.7,1.2,HOT,Rainy,Calm,107
9/3/2016,20.2,27,36.4,55.2,90.2,9.4,HOT,Rainy,Calm,93
9/4/2016,19.8,27.2,36.2,58.7,90.5,1.6,HOT,Rainy,Calm,87
9/5/2016,24.1,27.9,35.9,56.4,87.5,2.8,HOT,Rainy,Calm,76
9/6/2016,24.1,27.4,34.1,62,99.5,2,HOT,Rainy,Calm,85
9/7/2016,24.8,27.4,36.3,51,86.5,0,HOT,DRY,Calm,103
9/8/2016,25.2,27.2,37.5,47.9,87.1,0,HOT,DRY,Calm,126
9/9/2016,19.1,27.4,37.7,46.8,87.8,0,HOT,DRY,Calm,128
9/10/2016,19.8,27.8,37.5,47.7,86.7,0.4,HOT,DRY,Calm,130
9/11/2016,22.3,27.5,37.2,50.7,90.9,10,HOT,Rainy,Calm,114
9/12/2016,23.8,26.8,38.1,48.1,91.4,0.8,HOT,DRY,Calm,116
9/13/2016,23,26.2,32,70.3,90.2,20,HOT,Rainy,Calm,82
9/14/2016,19.8,26.5,36.4,54.9,100,14.8,HOT,Rainy,Calm,90
9/15/2016,25.2,26.3,39.2,42.6,86.3,7.8,HOT,Rainy,Calm,89
9/16/2016,14,26.9,38.6,45,86.8,0.4,HOT,DRY,Calm,84
9/17/2016,23.8,27.5,37.4,51.6,86.9,0.4,HOT,DRY,Calm,74
9/18/2016,27.7,27.4,37.4,47.5,87.8,0,HOT,DRY,Calm,87
9/19/2016,12.2,27.3,38.9,44.2,84.9,0,HOT,DRY,Calm,90
9/20/2016,27.4,27.7,38.2,46.6,84.9,0,HOT,DRY,Calm,92
9/21/2016,24.8,28.1,36.6,51.2,88,0.2,HOT,DRY,Calm,94
9/22/2016,24.1,28,37.8,44.5,89.9,0.2,HOT,DRY,Calm,99
9/23/2016,27,27.5,35.3,53.4,87,0,HOT,DRY,Calm,92
9/24/2016,30.6,27.1,35.5,56.6,90.8,23,HOT,Rainy,Calm,79
9/25/2016,33.8,26.7,35.9,52,92.3,2.2,HOT,Rainy,Calm,93
9/26/2016,28.4,26.6,37.4,48.1,92.8,0,HOT,DRY,Calm,104
9/27/2016,11.9,26.6,39.1,46.4,87.2,0,HOT,DRY,Calm,133
9/28/2016,37.8,23.7,34.6,61.8,100,80.8,HOT,Rainy,Windy,157
9/29/2016,21.6,25.6,36.3,57.4,100,41.8,HOT,Rainy,Calm,122
9/30/2016,16.9,26.6,38.8,45.5,90,0,HOT,DRY,Calm,109
10/1/2016,18,27.8,38.5,44.7,86.7,0,HOT,DRY,Calm,117
10/2/2016,19.1,27.4,36.8,49.9,86.2,0,HOT,DRY,Calm,136
10/3/2016,12.6,27.7,38.5,48.2,87.7,0,HOT,DRY,Calm,139
10/4/2016,20.2,27.7,36.6,54.9,86.7,0,HOT,DRY,Calm,159
10/5/2016,14.4,27.2,33.6,64,89.3,1,HOT,Rainy,Calm,111
10/6/2016,18.7,26.7,35.4,52,89.4,0,HOT,DRY,Calm,142
10/7/2016,22.7,26.7,35.5,52.6,89.1,0,HOT,DRY,Calm,107
10/8/2016,25.6,27.4,35.4,56.7,87.9,0.4,HOT,DRY,Calm,103
10/9/2016,28.1,26.8,36.8,49.6,89,4.4,HOT,Rainy,Calm,104
10/10/2016,23,26.3,34.4,62.1,93.4,5,HOT,Rainy,Calm,101
10/11/2016,22.3,25.7,30.2,73.7,94.3,1.4,HOT,Rainy,Calm,78
10/12/2016,16.2,25.8,36.5,50.7,94.3,0,HOT,DRY,Calm,104
10/13/2016,15.8,25.6,36.8,46.1,86.5,0,HOT,DRY,Calm,163
10/14/2016,20.5,25,35.2,44.2,90.1,0,HOT,DRY,Calm,115
10/15/2016,19.1,24.1,36.7,36.5,85.8,0.2,HOT,DRY,Calm,144
10/16/2016,23.4,24.6,37.6,37.8,84.4,0,HOT,DRY,Calm,144
10/17/2016,19.1,23.7,37.8,40.2,83.8,0,HOT,DRY,Calm,155
10/18/2016,16.2,25.3,39.3,38.2,84.7,0,HOT,DRY,Calm,159
10/19/2016,16.6,25,38.5,41.4,84.8,0,HOT,DRY,Calm,162
10/20/2016,19.8,24.9,39.2,37,85.6,0,HOT,DRY,Calm,138
10/21/2016,19.4,24,37.2,40.1,87.6,0,HOT,DRY,Calm,150
10/22/2016,16.6,22.8,36,34.2,83.3,0,HOT,DRY,Calm,165
10/23/2016,18.7,22.2,35.8,37.5,85,0,HOT,DRY,Calm,159
10/24/2016,23.4,21,34.3,42.2,81.9,0,COLD,DRY,Calm,160
10/25/2016,15.5,22.3,37.2,37.3,86.3,0,HOT,DRY,Calm,163
10/26/2016,17.6,24,33.8,52.3,84.5,0,HOT,DRY,Calm,158
10/27/2016,15.8,24.7,32.4,64.5,100,8.6,HOT,Rainy,Calm,121
10/28/2016,26.6,24.3,32.2,64.1,100,15.2,HOT,Rainy,Calm,112
10/29/2016,18.4,24.5,34.5,51.6,100,3,HOT,Rainy,Calm,115
10/30/2016,14.8,23.7,35.6,45,100,0,HOT,DRY,Calm,113
10/31/2016,17.3,25.2,36.8,45.4,85.1,0,HOT,DRY,Calm,133
11/1/2016,15.8,25.2,37.4,42.4,84.7,0,HOT,DRY,Calm,135
11/2/2016,18.4,25.1,38,43.2,86.7,0,HOT,DRY,Calm,131
11/3/2016,15.8,25.4,37.2,45.5,84,0,HOT,DRY,Calm,133
11/4/2016,21.2,23.5,31.9,54.9,95.7,1.8,HOT,Rainy,Calm,136
11/5/2016,32.4,20.1,25,84.7,100,45.6,COLD,Rainy,Calm,89
11/6/2016,31.7,20.2,28.5,63.5,100,0,COLD,DRY,Calm,48
11/7/2016,16.2,21.4,31.9,49.5,100,0,COLD,DRY,Calm,106
11/8/2016,18,20.2,32.8,34.3,85.5,0,COLD,DRY,Calm,167
11/9/2016,15.5,18.6,33.1,42.2,81.1,0,COLD,DRY,Calm,149
11/10/2016,15.1,19,33.1,34.5,83.2,0,COLD,DRY,Calm,167
11/11/2016,14,19.5,32,40.5,84.2,0,COLD,DRY,Calm,241
11/12/2016,11.5,19.8,33.5,36.8,84.1,0,COLD,DRY,Calm,202
11/13/2016,19.1,19.7,33.7,41.3,83.3,0,COLD,DRY,Calm,203
11/14/2016,19.4,19.7,33,35.7,83.8,0,COLD,DRY,Calm,200
11/15/2016,17.6,18.4,31.8,36,83,0,COLD,DRY,Calm,209
11/16/2016,20.2,17.5,32,34.2,83,0,COLD,DRY,Calm,188
11/17/2016,18.7,15.4,34,31.1,79.9,0,COLD,DRY,Calm,178
11/18/2016,20.5,16.3,33.7,33.7,82.6,0,COLD,DRY,Calm,189
11/19/2016,16.6,16.3,33.2,34.1,83.7,0.2,COLD,DRY,Calm,193
11/20/2016,12.2,15.9,31.9,32.8,82.9,0,COLD,DRY,Calm,177
11/21/2016,15.1,16.4,31.3,38.4,82.3,0,COLD,DRY,Calm,171
11/22/2016,20.9,16.3,32,35.5,83.7,0,COLD,DRY,Calm,188
11/23/2016,13.3,16,32.8,31.1,84.4,0,COLD,DRY,Calm,196
11/24/2016,14,17.1,30.9,38.4,82.7,0,COLD,DRY,Calm,183
11/25/2016,10.8,16.5,31.6,39.1,83,0,COLD,DRY,Calm,232
11/26/2016,10.8,17.5,31.1,40.9,83.5,0,COLD,DRY,Calm,181
11/27/2016,11.2,18.1,32,38.2,83.8,0,COLD,DRY,Calm,180
11/28/2016,16.2,17.3,32.5,31.7,82,0,COLD,DRY,Calm,195
11/29/2016,16.6,17.7,31.8,41.2,81.6,0,COLD,DRY,Calm,182
11/30/2016,17.6,17.9,32.4,38.4,83.1,0,COLD,DRY,Calm,161
12/1/2016,11.5,17.7,33.5,37.4,85.5,0,COLD,DRY,Calm,169
12/2/2016,13.7,17.5,31.8,41.2,84.7,0,COLD,DRY,Calm,177
12/3/2016,23.8,17.5,33.2,32.7,86.4,0,COLD,DRY,Calm,206
12/4/2016,24.1,16.2,31.8,36.8,82.8,0,COLD,DRY,Calm,167
12/5/2016,19.4,17.6,31.6,39.5,100,0,COLD,DRY,Calm,188
12/6/2016,15.1,16.8,31.3,42.4,100,0,COLD,DRY,Calm,191
12/7/2016,13,14.4,33.7,27.5,90.3,0,COLD,DRY,Calm,192
12/8/2016,19.4,13.8,33.1,31.9,87.2,0,COLD,DRY,Calm,175
12/9/2016,18,15.5,29.1,40.6,85.2,0,COLD,DRY,Calm,199
12/10/2016,18,14.5,30.7,39.7,90.3,0,COLD,DRY,Calm,199
12/11/2016,12.6,15,29.8,38.1,87,0,COLD,DRY,Calm,202
12/12/2016,18.4,13.1,29.6,37.5,83.6,0,COLD,DRY,Calm,196
12/13/2016,17.3,11.7,28.7,29.9,87.8,0,COLD,DRY,Calm,207
12/14/2016,15.5,12.1,26.6,43.3,84.9,0,COLD,DRY,Calm,230
12/15/2016,17.3,12.2,27.9,35.5,85.6,0,COLD,DRY,Calm,235
12/16/2016,10.1,14.2,27.9,45.9,83.5,0,COLD,DRY,Calm,226
12/17/2016,14.4,14.7,27.9,43.5,85.1,0,COLD,DRY,Calm,245
12/18/2016,10.1,14.1,28.5,42,85.1,0,COLD,DRY,Calm,247
12/19/2016,18.4,14.8,28.4,41.6,82.5,0,COLD,DRY,Calm,239
12/20/2016,11.9,14.4,29.5,37.2,83.2,0,COLD,DRY,Calm,223
12/21/2016,11.9,13.3,27.8,38.3,81.6,0,COLD,DRY,Calm,267
12/22/2016,9.7,13.3,28.4,41.5,84.4,0,COLD,DRY,Calm,278
12/23/2016,8.3,14.8,30.1,36.7,85.2,0,COLD,DRY,Calm,294
12/24/2016,9.7,15.7,29.9,43.2,84.3,0,COLD,DRY,Calm,336
12/25/2016,13.7,16.4,31.9,41,85.1,0,COLD,DRY,Calm,252
12/26/2016,10.8,16.6,30.3,39.7,83.6,0,COLD,DRY,Calm,268
12/27/2016,17.3,16.5,29.6,39.1,100,0,COLD,DRY,Calm,218
12/28/2016,19.8,16.6,26.8,53.6,100,0,COLD,DRY,Calm,205
12/29/2016,15.1,15,27.7,53.4,100,0,COLD,DRY,Calm,211
12/30/2016,13,14,26.5,54.4,100,0,COLD,DRY,Calm,228
12/31/2016,14.4,13.7,29.3,39.8,86.8,0,COLD,DRY,Calm,249
1/1/2017,6.5,14.9,28.2,40.5,89.1,0,COLD,DRY,Calm,285
1/2/2017,14,14.4,29,37.6,85.2,0,COLD,DRY,Calm,264
1/3/2017,9.7,13,29.3,33.7,86.4,0,COLD,DRY,Calm,242
1/4/2017,18.4,14.3,28.2,37.8,80.4,0,COLD,DRY,Calm,191
1/5/2017,16.6,13.4,27.8,40.7,100,0,COLD,DRY,Calm,257
1/6/2017,18,11.7,27.4,40.8,100,0,COLD,DRY,Calm,277
1/7/2017,11.9,12.9,28.1,36.9,100,0,COLD,DRY,Calm,#N/A
1/8/2017,13,11.2,29.1,31.6,86,0,COLD,DRY,Calm,210
1/9/2017,13,11.7,29.8,33.4,79.9,0,COLD,DRY,Calm,259
1/10/2017,33.1,12.6,26.9,36.8,80.7,0,COLD,DRY,Calm,242
1/11/2017,13.7,12.1,27.4,36.2,82.4,0,COLD,DRY,Calm,228
1/12/2017,21.2,12.8,26.4,30.5,85.4,0,COLD,DRY,Calm,204
1/13/2017,22,10.4,25.9,25.4,74.8,0,COLD,DRY,Calm,186
1/14/2017,20.5,6.8,24.5,23.8,78.1,0,COLD,DRY,Calm,197
1/15/2017,20.9,8.2,26.9,31.5,77.7,0,COLD,DRY,Calm,231
1/16/2017,20.2,8.7,27.5,26,80.1,0,COLD,DRY,Calm,225
1/17/2017,20.2,8.8,28.8,24.6,79,0,COLD,DRY,Calm,305
1/18/2017,20.5,11.2,29,30.6,78.1,0,COLD,DRY,Calm,336
1/19/2017,20.9,11.3,30,32,80.8,0,COLD,DRY,Calm,240
1/20/2017,15.8,9.3,29.7,27.2,80.8,0,COLD,DRY,Calm,257
1/21/2017,23.4,9.6,28.7,32,81.3,0,COLD,DRY,Calm,242
1/22/2017,18,11.2,30.1,31.3,81.4,0,COLD,DRY,Calm,265
1/23/2017,20.2,11.3,29.7,31.2,81.9,0,COLD,DRY,Calm,263
1/24/2017,14.8,12.2,29.9,31.8,81.5,0,COLD,DRY,Calm,262
1/25/2017,16.6,13,33.1,24.8,82.7,0,COLD,DRY,Calm,306
1/26/2017,10.1,13.1,34.1,21.9,80.2,0,COLD,DRY,Calm,282
1/27/2017,9.7,15.3,28.8,46.4,85.2,0,COLD,DRY,Calm,320
1/28/2017,15.1,16.6,30.6,38.6,82.9,0,COLD,DRY,Calm,243
1/29/2017,19.1,12.5,28.1,35.8,83.3,0,COLD,DRY,Calm,176
1/30/2017,22.3,11.9,28.3,34.6,82.1,0,COLD,DRY,Calm,189
1/31/2017,18.4,11.7,29,33.8,80.4,0,COLD,DRY,Calm,232
2/1/2017,14,14.3,31,33.6,80.9,0,COLD,DRY,Calm,256
2/2/2017,15.1,13.7,29.6,23.7,83.7,0,COLD,DRY,Calm,229
2/3/2017,16.2,11.6,26.9,37.4,81.8,0,COLD,DRY,Calm,282
2/4/2017,20.2,14.5,32.2,28.1,100,0,COLD,DRY,Calm,228
2/5/2017,16.2,14,35.1,24.5,80.1,0,COLD,DRY,Calm,186
2/6/2017,16.6,14.9,34.1,25.2,82.3,0,COLD,DRY,Calm,219
2/7/2017,20.5,15.2,32.3,28.2,79.7,0,COLD,DRY,Calm,188
2/8/2017,22.7,13.6,30.9,24.2,79.7,0,COLD,DRY,Calm,201
2/9/2017,19.8,11.8,31.4,21.5,81.5,0,COLD,DRY,Calm,208
2/10/2017,13.3,13.3,32.9,25.7,80.2,0,COLD,DRY,Calm,294
2/11/2017,15.1,16.4,32.2,32.2,80.6,0,COLD,DRY,Calm,234
2/12/2017,13,17,32.4,30.9,77.8,0,COLD,DRY,Calm,187
2/13/2017,12.2,15.7,32.2,27.7,79.4,0,COLD,DRY,Calm,225
2/14/2017,9.4,16.4,32.3,31.6,79.7,0,COLD,DRY,Calm,271
2/15/2017,15.8,16.2,31.9,25.9,84.3,0,COLD,DRY,Calm,244
2/16/2017,15.8,14,32.5,23.9,81.7,0,COLD,DRY,Calm,231
2/17/2017,15.8,14.3,33.5,19.6,78.2,0,COLD,DRY,Calm,240
2/18/2017,13.3,15.1,33.6,26,78.3,0,COLD,DRY,Calm,264
2/19/2017,12.6,17.7,33.6,29.8,79.9,0,COLD,DRY,Calm,313
2/20/2017,27,20,31.6,52.1,100,0,COLD,DRY,Calm,223
2/21/2017,31.3,23.3,34.2,43.2,100,0,HOT,DRY,Calm,170
2/22/2017,27,23.5,34.3,43.4,100,0,HOT,DRY,Calm,163
2/23/2017,17.3,18.9,33.4,22,100,0,COLD,DRY,Calm,94
2/24/2017,2.2,14.5,33.4,18.1,81.7,0,COLD,DRY,Calm,15
2/25/2017,23,13.1,32.2,15.6,79.1,0,COLD,DRY,Calm,13
2/26/2017,12.6,13.2,32.8,17.9,77.9,0,COLD,DRY,Calm,#N/A
2/27/2017,14.8,15.4,34.1,20,81.4,0,COLD,DRY,Calm,200
2/28/2017,8.6,15.8,34.7,19,77,0,COLD,DRY,Calm,239
3/1/2017,15.1,14.2,34.5,16.9,76.2,0,COLD,DRY,Calm,239
3/2/2017,14,17.4,35.7,24.4,87.8,0,COLD,DRY,Calm,235
3/3/2017,22,20.5,36.8,26.4,93.2,0,COLD,DRY,Calm,175
3/4/2017,22.7,20.9,33.4,36.4,100,0,COLD,DRY,Calm,163
3/5/2017,20.9,21.6,33.3,47.6,100,0,COLD,DRY,Calm,139
3/6/2017,23,21.7,33.9,25,100,0,COLD,DRY,Calm,151
3/7/2017,20.2,19.7,34.3,32,100,0,COLD,DRY,Calm,182
3/8/2017,37.1,19.6,33.4,40.6,80,0,COLD,DRY,Windy,175
3/9/2017,17.6,18.2,33.1,45,100,0,COLD,DRY,Calm,151
3/10/2017,30.6,21.2,34.4,46.6,100,0,COLD,DRY,Calm,156
3/11/2017,24.8,21.2,31.3,56.7,100,0,COLD,DRY,Calm,123
3/12/2017,16.2,20.2,32.6,21.2,100,0,COLD,DRY,Calm,167
3/13/2017,21.6,17.2,31.5,22.2,78.5,0,COLD,DRY,Calm,163
3/14/2017,11.5,15.3,33.2,22.5,80.4,0,COLD,DRY,Calm,160
3/15/2017,15.8,15.9,33.3,14.7,78.8,0,COLD,DRY,Calm,186
3/16/2017,18.4,15,33.4,18.3,74.6,0,COLD,DRY,Calm,208
3/17/2017,16.9,16.1,34.7,25.6,81.1,0,COLD,DRY,Calm,237
3/18/2017,25.2,20.3,33.5,41.1,100,0,COLD,DRY,Calm,154
3/19/2017,64.8,18.8,35.9,20.1,100,0,COLD,DRY,Windy,177
3/20/2017,36.7,18.1,27.5,47.3,100,0,COLD,DRY,Windy,141
3/21/2017,32,16.4,32.7,32.5,100,0,COLD,DRY,Calm,172
3/22/2017,19.1,18.6,34.9,37.7,81.2,0,COLD,DRY,Calm,180
3/23/2017,20.2,21.2,35.2,39.9,89.6,0,COLD,DRY,Calm,188
3/24/2017,21.2,22.1,35.5,45,100,0,HOT,DRY,Calm,190
3/25/2017,24.1,23.7,35.1,48.2,100,0,HOT,DRY,Calm,129
3/26/2017,16.9,22.4,34.6,48.1,92.1,0,HOT,DRY,Calm,153
3/27/2017,22,24.4,36.5,43,100,0,HOT,DRY,Calm,163
3/28/2017,20.5,24.7,35.3,47.5,100,0,HOT,DRY,Calm,141
3/29/2017,23,25.4,35.6,49,100,0,HOT,DRY,Calm,132
3/30/2017,37.1,26.4,36.7,48,100,0,HOT,DRY,Windy,94
3/31/2017,9.7,26,36.6,46.3,100,0,HOT,DRY,Calm,121
4/1/2017,9.7,25.9,36.1,45.4,100,0,HOT,DRY,Calm,98
4/2/2017,9.7,26.8,35.6,49.8,82.2,0,HOT,DRY,Calm,122
4/3/2017,9.7,26.6,37.5,36.5,82.3,0,HOT,DRY,Calm,108
4/4/2017,9.7,26.6,34.7,53.3,81.5,0,HOT,DRY,Calm,105
4/5/2017,22,23,35.2,47.2,100,0,HOT,DRY,Calm,116
4/6/2017,15.5,23.1,34,56.7,100,0,HOT,DRY,Calm,137
4/7/2017,0,25.7,38.2,40.9,100,0,HOT,DRY,Calm,142
4/8/2017,0,26.1,38,44.3,100,0,HOT,DRY,Calm,141
4/9/2017,0,25.7,37.5,43.2,100,0,HOT,DRY,Calm,157
4/10/2017,6.1,26.6,39,30.1,100,0,HOT,DRY,Calm,149
4/11/2017,16.6,26.2,39.7,21,100,0,HOT,DRY,Calm,159
4/12/2017,21.6,25.2,39.6,25.2,95.1,0,HOT,DRY,Calm,164
4/13/2017,18.4,22.6,39.5,27.2,98.1,0,HOT,DRY,Calm,198
4/14/2017,21.2,20.4,40,23.4,95.4,0,COLD,DRY,Calm,220
4/15/2017,29.9,23.8,38.1,37.2,100,0,HOT,DRY,Calm,149
4/16/2017,16.9,24.5,35.8,32.5,100,0,HOT,DRY,Calm,98
4/17/2017,17.3,21.6,39.7,29.5,82.4,0,COLD,DRY,Calm,159
4/18/2017,19.1,25.2,39,33.9,100,0,HOT,DRY,Calm,141
4/19/2017,34.9,21.1,36.3,46.8,100,44.4,COLD,Rainy,Calm,102
4/20/2017,12.2,21.5,35.5,47.1,100,33.6,COLD,Rainy,Calm,114
4/21/2017,50.4,21.5,35.8,57.4,100,14.8,COLD,Rainy,Windy,116
4/22/2017,49.7,21.4,28.1,71.2,100,58.6,COLD,Rainy,Windy,95
4/23/2017,58.7,21.8,33.7,56.9,100,29,COLD,Rainy,Windy,135
4/24/2017,56.9,20.7,30.3,62.1,100,26.4,COLD,Rainy,Windy,112
4/25/2017,26.6,27,37.1,52.1,100,0,HOT,DRY,Calm,145
4/26/2017,12.2,27.6,37.9,50,88.1,0,HOT,DRY,Calm,150
4/27/2017,16.6,23.6,37.5,47.6,100,4.8,HOT,Rainy,Calm,147
4/28/2017,18.7,25,37.7,48.2,100,0.2,HOT,DRY,Calm,152
4/29/2017,33.8,24.7,37.8,45.9,92.6,0.8,HOT,DRY,Calm,117
4/30/2017,32.4,22.6,36.9,49.2,100,13.6,HOT,Rainy,Calm,151
5/1/2017,19.4,21.4,36.6,48.6,100,15.4,COLD,Rainy,Calm,108
5/2/2017,7.9,21.3,37,43.1,100,0,COLD,DRY,Calm,113
5/3/2017,15.8,26.7,38.4,40.5,100,0,HOT,DRY,Calm,167
5/4/2017,11.2,26.5,38.6,40.6,100,0,HOT,DRY,Calm,140
5/5/2017,6.1,24.5,37.3,44.1,100,3.4,HOT,Rainy,Calm,140
5/6/2017,23,27.3,37,47.1,100,0,HOT,DRY,Calm,112
5/7/2017,20.2,27.1,39.1,40.5,87.4,0,HOT,DRY,Calm,99
5/8/2017,21.6,27.2,38.8,42.9,100,0,HOT,DRY,Calm,123
5/9/2017,16.9,22.8,37.8,44.8,100,23.8,HOT,Rainy,Calm,107
5/10/2017,13.3,23.7,38.3,41.6,100,0,HOT,DRY,Calm,159
5/11/2017,47.2,24.7,38.9,39.6,100,2.6,HOT,Rainy,Windy,111
5/12/2017,11.2,24.5,40.5,34.4,100,0,HOT,DRY,Calm,142
5/13/2017,44.3,25.8,38.8,41.9,93.7,0.2,HOT,DRY,Windy,143
5/14/2017,17.6,24.8,38.8,45.2,100,0,HOT,DRY,Calm,125
5/15/2017,6.5,23.6,36.4,50.2,98.1,3.2,HOT,Rainy,Calm,92
5/16/2017,6.5,21.9,35.4,48.2,100,29.2,COLD,Rainy,Calm,100
5/17/2017,6.5,22.6,37.2,54.3,100,13.2,HOT,Rainy,Calm,125
5/18/2017,23,22.9,38.9,48.9,100,0.8,HOT,DRY,Calm,100
5/19/2017,16.9,28.7,40.5,37.3,100,0,HOT,DRY,Calm,132
5/20/2017,7.2,28.7,39.2,45.3,100,0,HOT,DRY,Calm,142
5/21/2017,16.2,29.1,41.6,38,92,0,HOT,DRY,Calm,124
5/22/2017,20.5,28.9,40.4,43,100,0,HOT,DRY,Calm,129
5/23/2017,16.6,28.7,41,40,100,0,HOT,DRY,Calm,130
5/24/2017,11.9,28.9,40.2,40.7,90.4,0,HOT,DRY,Calm,127
5/25/2017,11.9,28.7,39.8,43.1,93.3,0,HOT,DRY,Calm,107
5/26/2017,11.9,26,39.7,41.1,100,0.6,HOT,DRY,Calm,98
5/27/2017,11.9,25.8,40,38.6,100,0,HOT,DRY,Calm,128
5/28/2017,11.9,28,40.7,33.5,87.2,0,HOT,DRY,Calm,156
5/29/2017,0,26.7,39.8,39,100,6.4,HOT,Rainy,Calm,131
5/30/2017,0,26.2,33.1,64.5,100,3.4,HOT,Rainy,Calm,70
5/31/2017,19.8,26.4,37.1,56,100,12.6,HOT,Rainy,Calm,139
6/1/2017,10.4,24.2,36.7,62.5,100,59295.4,HOT,Rainy,Calm,96
6/2/2017,10.4,23.2,33.5,68.4,100,6475,HOT,Rainy,Calm,91
6/3/2017,2.9,29,38.2,50.4,85.5,0.4,HOT,DRY,Calm,99
6/4/2017,2.9,28.2,38,54.2,80.4,0.4,HOT,DRY,Calm,105
6/5/2017,2.9,23.9,36.6,57,89.2,334.8,HOT,Rainy,Calm,115
6/6/2017,2.9,24.8,39,47.1,89.6,0,HOT,DRY,Calm,139
6/7/2017,2.9,28.2,40.1,40.6,84.2,0,HOT,DRY,Calm,139
6/8/2017,2.9,28.3,38.8,45.2,83.3,28,HOT,Rainy,Calm,147
6/9/2017,13.7,28.2,38.5,45.4,84.4,3.2,HOT,Rainy,Calm,126
6/10/2017,0,28,39,42.5,83,1.2,HOT,Rainy,Calm,106
6/11/2017,0,27.1,32,69.8,89.2,1.8,HOT,Rainy,Calm,55
6/12/2017,0,25.6,27.1,83,100,26.8,HOT,Rainy,Calm,32
6/13/2017,0,25.8,36.2,64.2,100,4.2,HOT,Rainy,Calm,95
6/14/2017,0,28,36.6,55.7,86.2,5.2,HOT,Rainy,Calm,99
6/15/2017,0,27.3,35.3,55.2,85.7,0,HOT,DRY,Calm,81
6/16/2017,0,25.7,32.4,71.7,90.1,4.2,HOT,Rainy,Calm,63
6/17/2017,0,26.7,37.1,53.7,88.4,407.8,HOT,Rainy,Calm,101
6/18/2017,0,26.9,36.2,63.7,88.9,6.2,HOT,Rainy,Calm,104
6/19/2017,0,25.4,34,65.1,87.1,0,HOT,DRY,Calm,116
6/20/2017,0,25.4,33.7,56.9,85.1,0,HOT,DRY,Calm,125
6/21/2017,0,26.7,32.1,67.9,87.7,7.4,HOT,Rainy,Calm,117
6/22/2017,0,27.2,35.8,57.2,89.1,5.2,HOT,Rainy,Calm,102
6/23/2017,0,27.1,37.1,50,88.2,0,HOT,DRY,Calm,86
6/24/2017,0,27.6,36.3,54,83.9,0.4,HOT,DRY,Calm,73
6/25/2017,0,27.8,35.2,56.9,85.1,5.8,HOT,Rainy,Calm,42
6/26/2017,0,26.8,34.1,63,87.8,15.2,HOT,Rainy,Calm,36
6/27/2017,0,27.8,35.7,56.6,86.2,6,HOT,Rainy,Calm,35
6/28/2017,0,28.2,34.4,60.8,85.1,3.6,HOT,Rainy,Calm,44
6/29/2017,0,27.9,35.6,57,85.1,0.4,HOT,DRY,Calm,50
6/30/2017,0,27.8,36.4,55.2,85.1,0.4,HOT,DRY,Calm,59
7/1/2017,0,28.1,36.1,57.3,85.5,1.6,HOT,Rainy,Calm,54
7/2/2017,0,27.6,34.5,60.6,87.1,0.8,HOT,DRY,Calm,58
7/3/2017,0,25.4,32,74.2,91.7,105.2,HOT,Rainy,Calm,90
7/4/2017,0,26.1,33.3,68.3,89.9,12.4,HOT,Rainy,Calm,104
7/5/2017,0,26.4,34.3,70,90.3,76.6,HOT,Rainy,Calm,81
7/6/2017,0,27.2,36.3,58.8,90.5,0,HOT,DRY,Calm,87
7/7/2017,0,27.1,36.4,54.9,87.3,12,HOT,Rainy,Calm,96
7/8/2017,0,27.1,35.9,58.3,89,31.4,HOT,Rainy,Calm,99
7/9/2017,0,27.7,35.4,60,86.5,1.2,HOT,Rainy,Calm,82
7/10/2017,0,27,33.1,67.8,89.6,22.8,HOT,Rainy,Calm,93
7/11/2017,0,25.8,31.9,75.9,90.6,27,HOT,Rainy,Calm,97
7/12/2017,0,25.8,32.3,70.5,90.7,6.2,HOT,Rainy,Calm,90
7/13/2017,0,27.3,33.7,62.4,89.5,2.8,HOT,Rainy,Calm,82
7/14/2017,0,27.3,36.1,53,87.8,0.4,HOT,DRY,Calm,74
7/15/2017,0,27.6,37.6,46.9,86.2,0,HOT,DRY,Calm,86
7/16/2017,0,27.9,38.3,45.1,82.8,0,HOT,DRY,Calm,88
7/17/2017,0,26.7,38,48.3,88.4,13.6,HOT,Rainy,Calm,80
7/18/2017,0,28.6,36.9,51.9,79.3,0,HOT,DRY,Calm,78
7/19/2017,0,26.8,30.2,76.5,89.7,8.4,HOT,Rainy,Calm,50
7/20/2017,0,25.4,28.1,88,100,56.4,HOT,Rainy,Calm,71
7/21/2017,0,26.3,30.3,85.6,100,23,HOT,Rainy,Calm,59
7/22/2017,0,25.5,29.6,79.9,100,64,HOT,Rainy,Calm,60
7/23/2017,0,26,29.7,65.2,100,29.6,HOT,Rainy,Calm,65
7/24/2017,0,25.2,26.6,100,100,99,HOT,Rainy,Calm,66
7/25/2017,0,24.8,27.4,100,100,15.8,HOT,Rainy,Calm,94
7/26/2017,0,25.7,33.1,69.6,100,24.2,HOT,Rainy,Calm,88
7/27/2017,0,25.6,29,89.2,100,11,HOT,Rainy,Calm,99
7/28/2017,0,27,39,45,90.9,0,HOT,DRY,Calm,117
7/29/2017,0,27.8,37.3,51.5,85.8,0,HOT,DRY,Calm,115
7/30/2017,0,28.3,35.9,56.3,85.3,0,HOT,DRY,Calm,135
7/31/2017,0,27.6,39.5,44.1,86.2,0,HOT,DRY,Calm,118
8/1/2017,0,28.8,37.3,54,84.1,2.4,HOT,Rainy,Calm,105
8/2/2017,0,25.4,37.4,56.6,100,38.4,HOT,Rainy,Calm,119
8/3/2017,0,26.1,35.1,0,100,35,HOT,Rainy,Calm,129
8/4/2017,0,27.7,36.7,56.8,92.2,1.4,HOT,Rainy,Calm,101
8/5/2017,0,28.4,35.7,57.3,94.9,1.2,HOT,Rainy,Calm,73
8/6/2017,0,27.4,35.9,52.4,91.1,0.6,HOT,DRY,Calm,101
8/7/2017,0,26.3,34.4,61.5,100,46.8,HOT,Rainy,Calm,84
8/8/2017,0,27.7,36.1,55.4,92.8,9,HOT,Rainy,Calm,104
8/9/2017,0,27.5,35.1,57.1,92.7,1.6,HOT,Rainy,Calm,90
8/10/2017,0,27.4,31.9,73.8,93.1,3.4,HOT,Rainy,Calm,76
8/11/2017,0,27.5,32.7,67.9,94.1,3,HOT,Rainy,Calm,96
8/12/2017,0,25.7,29.4,77.8,100,68,HOT,Rainy,Calm,84
8/13/2017,0,25.9,34,64.4,100,19.6,HOT,Rainy,Calm,98
8/14/2017,0,27.1,35.1,59.8,87.1,0.2,HOT,DRY,Calm,125
8/15/2017,0,27.2,35.6,56.6,85.9,0,HOT,DRY,Calm,106
8/16/2017,0,28,33.1,66.2,85.9,0.2,HOT,DRY,Calm,143
8/17/2017,0,27.4,36.7,53.7,86.9,0.4,HOT,DRY,Calm,117
8/18/2017,0,27.5,34.8,61,82.8,0.8,HOT,DRY,Calm,80
8/19/2017,0,27.7,35.4,52.9,84.4,3.4,HOT,Rainy,Calm,68
8/20/2017,0,27.5,35.3,55.2,85.3,4.6,HOT,Rainy,Calm,84
8/21/2017,0,27.3,39.3,43.5,86.9,6.4,HOT,Rainy,Calm,113
8/22/2017,0,26.5,34.6,62,87.7,2.6,HOT,Rainy,Calm,101
8/23/2017,0,25.8,34.5,60.8,88.1,2.2,HOT,Rainy,Calm,76
8/24/2017,0,27.4,37.4,52.2,87.3,2.2,HOT,Rainy,Calm,76
8/25/2017,0,28,38,49.8,85.1,2.6,HOT,Rainy,Calm,84
8/26/2017,0,27.7,36.1,54.9,84.7,5.6,HOT,Rainy,Calm,73
8/27/2017,0,26.2,35.1,57.4,86.9,3.4,HOT,Rainy,Calm,63
8/28/2017,0,26.9,34.4,61.6,87,1.8,HOT,Rainy,Calm,73
8/29/2017,0,27.7,36,52.8,85.7,1,HOT,Rainy,Calm,83
8/30/2017,0,27.6,37.9,48.5,84.6,0.6,HOT,DRY,Calm,75
8/31/2017,0,27.8,35.4,59.3,82.7,1.4,HOT,Rainy,Calm,84
9/1/2017,0,27,35.2,57.8,87.1,8.2,HOT,Rainy,Calm,61
9/2/2017,0,26.5,34.2,62.4,87.1,14.2,HOT,Rainy,Calm,69
9/3/2017,0,26.9,36.4,56.1,87.3,9.2,HOT,Rainy,Calm,77
9/4/2017,0,27.2,36.7,55.8,87.7,12.2,HOT,Rainy,Calm,85
9/5/2017,0,27.2,36.6,56.1,87.7,6.2,HOT,Rainy,Calm,117
9/6/2017,0,27.7,39.5,39.4,85.7,0,HOT,DRY,Calm,150
9/7/2017,0,27.9,38.3,45.6,84.1,0,HOT,DRY,Calm,#N/A
9/8/2017,0,28.3,36.7,52,83.9,0,HOT,DRY,Calm,#N/A
9/9/2017,0,28.1,36.3,53.7,85.9,0,HOT,DRY,Calm,#N/A
9/10/2017,0,28,35.6,56,86.2,0,HOT,DRY,Calm,#N/A
9/11/2017,0,25.2,31.9,68.7,87.9,5.4,HOT,Rainy,Calm,116
9/12/2017,0,25.6,35.2,59,89.3,0,HOT,DRY,Calm,99
9/13/2017,0,27.1,37.1,51,86.6,8.6,HOT,Rainy,Calm,117
9/14/2017,0,27.2,37.8,47.3,88.2,0,HOT,DRY,Calm,98
9/15/2017,0,27.4,39.1,45.2,84.9,0,HOT,DRY,Calm,130
9/16/2017,0,28,39.7,44.5,83.9,0,HOT,DRY,Calm,122
9/17/2017,0,27.1,32.3,64.8,84.4,0,HOT,DRY,Calm,115
9/18/2017,0,26.4,36.4,54,88.5,35.2,HOT,Rainy,Calm,58
9/19/2017,0,26,32.6,70.5,90.8,16.2,HOT,Rainy,Calm,56
9/20/2017,0,26.8,33.1,67.8,89.1,2.2,HOT,Rainy,Calm,73
9/21/2017,0,27.4,34.5,57.6,88.2,0,HOT,DRY,Calm,84
9/22/2017,0,27.1,37.1,49.5,87.4,0,HOT,DRY,Calm,83
9/23/2017,0,27.6,39.3,41.8,84.2,0,HOT,DRY,Calm,#N/A
9/24/2017,0,28.3,38.4,48.3,84,0,HOT,DRY,Calm,135
9/25/2017,0,28.7,38.8,48.7,85.4,0,HOT,DRY,Calm,151
9/26/2017,0,28.1,36.2,54.3,85.9,0,HOT,DRY,Calm,164
9/27/2017,0,28,34,60,86.2,0,HOT,DRY,Calm,159
9/28/2017,0,25,33.9,65,100,41.6,HOT,Rainy,Calm,89
9/29/2017,0,25.5,30.1,100,100,29.4,HOT,Rainy,Calm,55
9/30/2017,0,26.3,34.4,62.4,100,4.6,HOT,Rainy,Calm,104
10/1/2017,0,25.7,34.9,59.2,100,5,HOT,Rainy,Calm,120
10/2/2017,0,26.2,35.4,57.2,100,0,HOT,DRY,Calm,104
10/3/2017,0,26.7,36.3,51.7,87.1,0,HOT,DRY,Calm,147
10/4/2017,0,26.7,38.9,45.2,86.8,7.4,HOT,Rainy,Calm,115
10/5/2017,0,27.8,35.2,55.6,86.9,0,HOT,DRY,Calm,116
10/6/2017,0,26.5,37.2,44.8,86.2,0,HOT,DRY,Calm,137
10/7/2017,0,26.5,34.5,55.9,83.4,0.4,HOT,DRY,Calm,69
10/8/2017,0,26.4,29.3,73.6,86.3,2,HOT,Rainy,Calm,49
10/9/2017,0,24.7,26.8,84,100,49.8,HOT,Rainy,Calm,52
10/10/2017,0,26.1,33.3,61.9,100,1,HOT,Rainy,Calm,86
10/11/2017,0,25.2,37.6,46.9,89.6,0.4,HOT,DRY,Calm,117
10/12/2017,0,26.9,35,52.6,85.7,0.4,HOT,DRY,Calm,126
10/13/2017,0,26.4,37.6,46.5,87.4,0.4,HOT,DRY,Calm,73
10/14/2017,0,26.4,37.1,47.4,84.2,0.4,HOT,DRY,Calm,64
10/15/2017,0,27.1,37.3,47,83.3,0.4,HOT,DRY,Calm,137
10/16/2017,0,25.7,38.4,38.7,85.1,0.6,HOT,DRY,Calm,169
10/17/2017,0,25.4,37.3,45.8,85.7,0,HOT,DRY,Calm,164
10/18/2017,0,27.8,35.4,51.4,84.2,0.2,HOT,DRY,Calm,108
10/19/2017,0,25.8,33.5,57.9,87.9,0.8,HOT,DRY,Calm,74
10/20/2017,0,24.9,26.5,86.2,100,1.6,HOT,Rainy,Calm,53
10/21/2017,0,22.5,25.5,100,100,2.2,HOT,Rainy,Calm,42
10/22/2017,0,21.8,33.7,55.4,100,1.8,COLD,Rainy,Calm,79
10/23/2017,0,23.2,34.8,52.6,88,1.4,HOT,Rainy,Calm,133
10/24/2017,0,22.3,34.2,56.7,88.7,39.2,HOT,Rainy,Calm,154
10/25/2017,0,22.9,33.4,57.2,100,0,HOT,DRY,Calm,173
10/26/2017,0,23.8,32.9,51.4,88.4,0,HOT,DRY,Calm,153
10/27/2017,0,21.9,35.3,31.9,88.6,0.4,COLD,DRY,Calm,169
10/28/2017,0,22.2,32.9,46.5,84.5,0,HOT,DRY,Calm,163
10/29/2017,0,22.3,32.8,49.1,85.9,0,HOT,DRY,Calm,164
10/30/2017,0,20.3,26.3,59.1,83.6,0.6,COLD,DRY,Calm,136
10/31/2017,0,19.2,30.6,52.7,87.6,0,COLD,DRY,Calm,#N/A
11/1/2017,0,19.9,32.7,40.7,87.5,0,COLD,DRY,Calm,#N/A
11/2/2017,0,20.2,33.9,41.8,85.5,0,COLD,DRY,Calm,#N/A
11/3/2017,0,20.5,35,38.6,85.2,0,COLD,DRY,Calm,#N/A
11/4/2017,0,20.2,37.5,36.6,86.7,0,COLD,DRY,Calm,#N/A
11/5/2017,0,23.1,36.1,39.7,83.2,0,HOT,DRY,Calm,#N/A
11/6/2017,0,21.2,35.2,37.7,85.9,0,COLD,DRY,Calm,#N/A
11/7/2017,0.7,21.1,35.3,35.9,85.1,0.2,COLD,DRY,Calm,#N/A
11/8/2017,0,20.4,35.5,39.7,84.3,0,COLD,DRY,Calm,#N/A
11/9/2017,1.1,20.2,34.9,36.4,85,0,COLD,DRY,Calm,#N/A
11/10/2017,0,19.9,34.2,37.8,84.1,0,COLD,DRY,Calm,#N/A
11/11/2017,1.1,19.2,33.8,37.8,83.8,0,COLD,DRY,Calm,#N/A
11/12/2017,0,19,34.9,34.3,85,0,COLD,DRY,Calm,#N/A
11/13/2017,0,20.7,36.8,30.4,80.5,0,COLD,DRY,Calm,140
11/14/2017,0,20.6,34,42.6,82.4,0,COLD,DRY,Calm,131
11/15/2017,2.2,21,25.7,58.3,100,8,COLD,Rainy,Calm,131
11/16/2017,2.2,20.4,24.3,86.5,100,2,COLD,Rainy,Calm,84
11/17/2017,0,22.6,29.3,63.6,100,2.8,HOT,Rainy,Calm,87
11/18/2017,0,23.3,32.3,58.2,100,0,HOT,DRY,Calm,120
11/19/2017,0,23.1,34.4,46.3,86.2,0,HOT,DRY,Calm,150
11/20/2017,0,20.5,33.4,37.7,85.5,0,COLD,DRY,Calm,185
11/21/2017,0,17.1,32.1,28.5,83.5,0,COLD,DRY,Calm,206
11/22/2017,0,14.2,31.4,23.3,82.4,0,COLD,DRY,Calm,183
11/23/2017,0,14.6,29.5,34.6,81.2,0,COLD,DRY,Calm,229
11/24/2017,0,15.3,30.7,34.8,82.3,0,COLD,DRY,Calm,205
11/25/2017,0,14.3,30.8,28.8,82.1,0.2,COLD,DRY,Calm,205
11/26/2017,0,13.7,30.7,28.8,82.1,0,COLD,DRY,Calm,205
11/27/2017,0,15.3,30.6,39.5,84,0,COLD,DRY,Calm,191
11/28/2017,1.8,14.7,30.3,20.9,84.8,0.2,COLD,DRY,Calm,297
11/29/2017,0,13.8,29.6,30.8,84.3,0,COLD,DRY,Calm,284
11/30/2017,1.4,14.1,30.6,31.4,88.1,0.2,COLD,DRY,Calm,209
12/1/2017,0,14.3,32.2,32.7,84.6,0,COLD,DRY,Calm,192
12/2/2017,0,14.3,31.5,35.5,83.1,0.2,COLD,DRY,Calm,202
12/3/2017,0,13.8,31.1,28.3,85.9,0,COLD,DRY,Calm,167
12/4/2017,0,14.6,30.3,30.8,82.7,0.2,COLD,DRY,Calm,182
12/5/2017,0,13.8,30.8,34,83.9,0,COLD,DRY,Calm,195
12/6/2017,1.1,14.1,29.1,39,84.7,0.2,COLD,DRY,Calm,185
12/7/2017,0,14.5,29.4,39.8,85.3,0,COLD,DRY,Calm,183
12/8/2017,0,19.8,25.4,58.6,81.5,0.6,COLD,DRY,Calm,178
12/9/2017,1.4,19.5,23,73.2,100,17.8,COLD,Rainy,Calm,#N/A
12/10/2017,0,21,26.3,84.5,100,9.6,COLD,Rainy,Calm,#N/A
12/11/2017,0,20.4,26.7,78.5,92.5,0.4,COLD,DRY,Calm,#N/A
12/12/2017,0,19.8,30.5,52,91.4,0.4,COLD,DRY,Calm,#N/A
12/13/2017,0,18.6,30.7,51.4,86,0.4,COLD,DRY,Calm,#N/A
12/14/2017,0,17.1,31,37.7,85.2,0.4,COLD,DRY,Calm,#N/A
12/15/2017,1.4,16.2,29.4,36.2,83.3,0.2,COLD,DRY,Calm,#N/A
12/16/2017,0,12.9,29,34.4,83.7,0.8,COLD,DRY,Calm,#N/A
12/17/2017,0,13.9,28,40.4,83.2,0,COLD,DRY,Calm,#N/A
12/18/2017,0,16.3,27,50.4,85.2,0,COLD,DRY,Calm,#N/A
12/19/2017,0,15.8,26.2,50.4,88.2,0,COLD,DRY,Calm,203
12/20/2017,0,15,26.6,45.1,88.2,0,COLD,DRY,Calm,210
12/21/2017,1.4,14.3,27.6,46.8,86.4,0,COLD,DRY,Calm,210
12/22/2017,0,14.8,28.1,45.6,86.1,0.2,COLD,DRY,Calm,206
12/23/2017,0,14.6,28.4,44.8,85.9,0,COLD,DRY,Calm,215
12/24/2017,0,13.9,27.5,41.5,85.5,0.2,COLD,DRY,Calm,238
12/25/2017,0,14.8,28.5,43.8,85.3,0,COLD,DRY,Calm,213
12/26/2017,0,15.4,27.8,44.7,82.9,0.2,COLD,DRY,Calm,217
12/27/2017,0,13.3,29,40.7,84.4,0,COLD,DRY,Calm,230
12/28/2017,0,14.5,28.7,47.6,87.4,0.2,COLD,DRY,Calm,233
12/29/2017,1.1,14.2,27.2,56.4,87.5,0,COLD,DRY,Calm,224
12/30/2017,1.4,13.9,30.2,37.7,88.3,0,COLD,DRY,Calm,190
12/31/2017,0,13.4,31.4,32.8,86.4,0,COLD,DRY,Calm,#N/A
1/1/2018,0,14.2,26.8,45,84.4,0,COLD,DRY,Calm,208
1/2/2018,0,16.5,28.2,44.5,84.5,0,COLD,DRY,Calm,222
1/3/2018,0,11.4,25.2,41,82.2,0,COLD,DRY,Calm,202
1/4/2018,0,8.8,22.8,73.5,83,0,COLD,DRY,Calm,232
1/5/2018,0,10,25.1,80.5,80.5,0,COLD,DRY,Calm,279
1/6/2018,0.7,9.1,25.5,80.5,80.5,0,COLD,DRY,Calm,#N/A
1/7/2018,0,7.5,23.6,80.5,80.5,0,COLD,DRY,Calm,#N/A
1/8/2018,0,7.5,21.8,80.5,80.5,0.2,COLD,DRY,Calm,254
1/9/2018,0,6.4,25,80.5,80.5,0,COLD,DRY,Calm,248
1/10/2018,0,7.9,24.2,,,0.6,COLD,DRY,Calm,268
1/11/2018,1.1,8,21.5,,,0,COLD,DRY,Calm,306
1/12/2018,0,8.3,24.3,,,0.2,COLD,DRY,Calm,298
1/13/2018,1.8,9.5,21,,,0.2,COLD,DRY,Calm,303
1/14/2018,1.1,10.3,21.6,,,0,COLD,DRY,Calm,330
1/15/2018,0,10.4,24.3,,,0.2,COLD,DRY,Calm,267
1/16/2018,0,9.5,25.6,,,0,COLD,DRY,Calm,263
1/17/2018,0,9.8,26.4,,,0.2,COLD,DRY,Calm,272
1/18/2018,0,10.8,27.3,,,0,COLD,DRY,Calm,219
1/19/2018,0,10.2,28.4,27.9,34.4,0,COLD,DRY,Calm,216
1/20/2018,0,9.8,26.6,34.1,34.1,0,COLD,DRY,Calm,214
1/21/2018,1.1,9.1,26.6,34.1,34.1,0.2,COLD,DRY,Calm,267
1/22/2018,0,10.7,26.9,34.1,34.1,0.2,COLD,DRY,Calm,272
1/23/2018,0,11.2,28.2,33.8,38.1,0,COLD,DRY,Calm,254
1/24/2018,0,9.3,29.2,26.8,36,0,COLD,DRY,Calm,289
1/25/2018,0,14,28.6,32.5,35.8,0,COLD,DRY,Calm,248
1/26/2018,0,11.3,28.2,25.7,35.1,0,COLD,DRY,Calm,190
1/27/2018,0,11.5,25.8,31,31,0,COLD,DRY,Calm,210
1/28/2018,0,9.3,26.6,31,31,0,COLD,DRY,Calm,232
1/29/2018,0,10.3,27.9,25.6,31.7,0,COLD,DRY,Calm,290
1/30/2018,0,10.1,27.8,21.4,25.6,0,COLD,DRY,Calm,315
1/31/2018,0,11,28.8,24.6,37.9,0,COLD,DRY,Calm,263
2/1/2018,0,12.7,27.7,35.4,37.7,0,COLD,DRY,Calm,246
2/2/2018,0,12.8,28.8,35.4,39.5,0,COLD,DRY,Calm,331
2/3/2018,0,13.5,29.8,34.7,49.3,0.2,COLD,DRY,Calm,331
2/4/2018,16.6,14.6,31.3,38.4,48.2,0,COLD,DRY,Calm,271
2/5/2018,18.4,19.5,30.7,47.2,56.5,0,COLD,DRY,Calm,200
2/6/2018,38.5,17.1,30.7,28,58.2,0.2,COLD,DRY,Windy,278
2/7/2018,40.7,16.5,32.4,23.2,51.1,0,COLD,DRY,Windy,299
2/8/2018,16.6,16.4,30,26.3,37,0,COLD,DRY,Calm,179
2/9/2018,19.8,15.2,32.6,27.7,44,0,COLD,DRY,Calm,193
2/10/2018,14,19.2,29.6,33.8,40,0.2,COLD,DRY,Calm,182
2/11/2018,34.2,16.3,30.6,20.7,36.1,0,COLD,DRY,Calm,179
2/12/2018,35.3,13.8,32.9,18.6,36.4,0,COLD,DRY,Windy,206
2/13/2018,31.3,15.8,31.9,27.1,40.1,0,COLD,DRY,Calm,193
2/14/2018,27,16,31.8,26.8,41.1,0,COLD,DRY,Calm,178
2/15/2018,19.4,15.5,31.4,22.7,38,0,COLD,DRY,Calm,191
2/16/2018,28.4,11.5,29.9,25.2,33.1,0,COLD,DRY,Calm,193
2/17/2018,19.1,13.2,31.8,27.3,41.3,0,COLD,DRY,Calm,217
2/18/2018,22.7,14.6,32,27.5,46.4,0,COLD,DRY,Calm,266
2/19/2018,29.5,15.6,33.1,27.1,52.2,0,COLD,DRY,Calm,222
2/20/2018,21.6,17.6,33.3,27,55.4,0,COLD,DRY,Calm,259
2/21/2018,15.8,17.8,33,31.7,53.8,0,COLD,DRY,Calm,226
2/22/2018,13.7,18.4,32.5,36.9,61.3,0,COLD,DRY,Calm,224
2/23/2018,33.1,17.8,33.9,34.2,60.1,0.2,COLD,DRY,Calm,218
2/24/2018,18.4,21.5,35.2,32.3,57.2,0,COLD,DRY,Calm,186
2/25/2018,15.5,19.3,35.8,25.6,56.1,0.2,COLD,DRY,Calm,212
2/26/2018,19.4,20.3,35.4,28.8,49.8,0,COLD,DRY,Calm,156
2/27/2018,16.6,19.7,35.1,32.6,60.7,0,COLD,DRY,Calm,178
2/28/2018,18,20.6,34.4,29.7,63.8,0,COLD,DRY,Calm,174
3/1/2018,15.8,19.8,34.8,36.4,52.5,0,COLD,DRY,Calm,191
3/2/2018,28.1,18.9,35,28.7,58.4,0,COLD,DRY,Calm,222
3/3/2018,18.7,22,36.2,33.4,63.4,0,HOT,DRY,Calm,166
3/4/2018,23.8,23.6,37.8,21.7,65.1,0,HOT,DRY,Calm,164
3/5/2018,12.2,23,36.4,30.9,64.2,0,HOT,DRY,Calm,157
3/6/2018,33.8,21.4,36.3,19.8,56.1,0,COLD,DRY,Calm,184
3/7/2018,11.9,18.5,36.3,15.1,41.4,0,COLD,DRY,Calm,177
3/8/2018,12.6,14.8,35.4,13.9,31.9,0,COLD,DRY,Calm,176
3/9/2018,11.2,16.5,34.6,20.9,46.1,0,COLD,DRY,Calm,194
3/10/2018,17.3,17.6,35.8,13.2,42.7,0,COLD,DRY,Calm,221
3/11/2018,15.1,16.6,35.9,19.6,41.1,0,COLD,DRY,Calm,269
3/12/2018,20.5,21.2,35.9,31.1,56.3,0,COLD,DRY,Calm,215
3/13/2018,19.8,22.5,36.9,14.1,59.6,0.2,HOT,DRY,Calm,152
3/14/2018,6.1,20.9,37,18.1,65.7,0,COLD,DRY,Calm,191
3/15/2018,7.2,22.1,36.4,38.8,66.4,0,HOT,DRY,Calm,162
3/16/2018,34.2,25,33.2,39.1,66.3,0,HOT,DRY,Calm,145
3/17/2018,20.2,23.7,36.6,22.1,53.2,0,HOT,DRY,Calm,170
3/18/2018,20.2,21.5,38,25.1,49.9,0,COLD,DRY,Calm,190
3/19/2018,25.6,21.5,36.9,18.9,69.6,0,COLD,DRY,Calm,200
3/20/2018,25.9,18.5,37.4,15.3,48.4,0,COLD,DRY,Calm,179
3/21/2018,16.2,20.8,37.3,25,61.8,0,COLD,DRY,Calm,219
3/22/2018,11.9,22.9,36.4,34.8,63.4,0,HOT,DRY,Calm,217
3/23/2018,7.6,23.1,35.4,42.6,67.1,0,HOT,DRY,Calm,196
3/24/2018,7.6,23.1,35.4,44.2,69.5,0,HOT,DRY,Calm,159
3/25/2018,7.6,24.2,38,33,71,0,HOT,DRY,Calm,191
3/26/2018,7.6,23.8,34.7,44.9,66.1,0.2,HOT,DRY,Calm,171
3/27/2018,7.6,24.6,36.3,40.2,68,0,HOT,DRY,Calm,166
3/28/2018,7.6,24.8,37.1,41.6,72.1,0,HOT,DRY,Calm,170
3/29/2018,7.6,23.5,36.2,40.7,73,0,HOT,Rainy,Calm,151
3/30/2018,7.6,22.2,35.5,43.5,70.3,1.2,HOT,Rainy,Calm,131
3/31/2018,7.6,19.9,32,44.4,62.2,1,COLD,DRY,Calm,122
4/1/2018,7.6,20.6,36.9,32.7,60.3,0,COLD,DRY,Calm,162
4/2/2018,5,20.5,31.2,42.6,56.6,0,COLD,DRY,Calm,155
4/3/2018,8.3,21.2,37.9,20.8,60.4,0,COLD,DRY,Calm,191
4/4/2018,7.2,21.8,36.8,31.9,60.5,0,COLD,Rainy,Calm,214
4/5/2018,7.2,21.2,37.1,31.9,64.9,1.2,COLD,DRY,Calm,211
4/6/2018,7.2,20.8,36.4,40.1,69.5,0,COLD,DRY,Calm,139
4/7/2018,3.2,21.2,36.1,42.4,65.7,0,COLD,DRY,Calm,126
4/8/2018,0,21.4,35.4,37,100,0,COLD,DRY,Calm,141
4/9/2018,0,22.9,36.6,38.7,65.6,0,HOT,DRY,Calm,166
4/10/2018,5,22.1,35.8,40.9,69.4,0,HOT,DRY,Calm,136
4/11/2018,4.3,23.9,36.3,39.7,70.3,0,HOT,DRY,Calm,162
4/12/2018,72.4,20,36.5,38.2,100,0,COLD,DRY,Windy,125
4/13/2018,1.8,20,36.1,42.2,100,0,COLD,DRY,Calm,135
4/14/2018,2.2,22.3,37.6,42.2,76.2,0,HOT,DRY,Calm,95
4/15/2018,1.1,22.1,38.1,37.2,68.8,0,HOT,DRY,Calm,146
4/16/2018,1.8,23.9,39.3,34.6,72.8,0,HOT,DRY,Calm,146
4/17/2018,0,23.2,36.9,41.5,72.2,0,HOT,DRY,Calm,140
4/18/2018,2.5,21,36.2,43.3,65.6,0,COLD,DRY,Calm,151
4/19/2018,0,23.8,37.6,46.3,68.5,0,HOT,DRY,Calm,104
4/20/2018,0,26.8,37.8,44.7,69.2,0,HOT,DRY,Calm,136
4/21/2018,0,26.1,36.2,51.6,70.7,0,HOT,DRY,Calm,140
4/22/2018,0,23.7,37.1,49,70.7,0,HOT,DRY,Calm,137
4/23/2018,0,23.6,38.6,41.9,77.1,0,HOT,DRY,Calm,147
4/24/2018,0,24.8,39.4,39.3,70.1,0,HOT,DRY,Calm,170
4/25/2018,0,21.8,37,35.3,71.4,0,COLD,DRY,Calm,119
4/26/2018,1.4,20.7,37.3,37,63.5,0,COLD,DRY,Calm,128
4/27/2018,1.8,21.7,35,38.4,63.3,0,COLD,DRY,Calm,127
4/28/2018,1.8,24.9,39,28.6,67.7,0,HOT,DRY,Calm,158
4/29/2018,0,21.3,35.9,44.5,77.5,0,COLD,DRY,Calm,102
4/30/2018,0,21.1,33.4,56.1,77.5,0,COLD,DRY,Calm,91
5/1/2018,0.7,22.5,36.1,40.7,76.7,0,HOT,DRY,Calm,91
5/2/2018,2.9,21,36.6,41.4,85.2,0,COLD,DRY,Calm,108
5/3/2018,1.4,21.1,35.2,38.5,99,0,COLD,DRY,Calm,125
5/4/2018,0,24.4,34.8,46,76.2,0,HOT,DRY,Calm,119
5/5/2018,4.7,24,36.1,51.4,75.1,0,HOT,DRY,Calm,111
5/6/2018,0,21.9,35.8,53.9,100,0,COLD,DRY,Calm,100
5/7/2018,0,27.4,34.7,60.4,73.9,0,HOT,DRY,Calm,100
5/8/2018,0,28.1,36.8,53.5,73.4,0,HOT,DRY,Calm,105
5/9/2018,0,27.9,36.6,54.4,76.2,0,HOT,DRY,Calm,104
5/10/2018,0,24.4,35,49.7,77.6,0,HOT,DRY,Calm,83
5/11/2018,310.7,21,37.3,46.4,78.5,0,COLD,DRY,Windy,82
5/12/2018,4,20.9,36.5,45.3,71.8,0,COLD,DRY,Calm,119
5/13/2018,1.8,21.8,32,64.5,76.6,0,COLD,DRY,Calm,138
5/14/2018,0,23.2,36.1,42.8,75.4,0,HOT,DRY,Calm,113
5/15/2018,0,24.7,36.6,43.1,75.9,0,HOT,DRY,Calm,142
5/16/2018,0,21,27.8,71.2,71.2,0,COLD,DRY,Calm,132
5/17/2018,0,22.3,35.6,43.6,100,0,HOT,DRY,Calm,131
5/18/2018,0,23.1,31,65.5,77.2,0,HOT,DRY,Calm,140
5/19/2018,0,23.1,35.6,52.1,84.7,0,HOT,DRY,Calm,101
5/20/2018,0,24.6,31.6,61.7,79.6,0,HOT,DRY,Calm,111
5/21/2018,0,26.3,32.4,66.5,83.6,0,HOT,DRY,Calm,122
5/22/2018,0,27,36.1,54,85.5,0,HOT,DRY,Calm,128
5/23/2018,0,25.1,33,64.9,84.3,0,HOT,DRY,Calm,110
5/24/2018,0,25.5,32.1,65.7,100,0,HOT,DRY,Calm,116
5/25/2018,0,26.1,35.7,51.2,83.1,0,HOT,DRY,Calm,72
5/26/2018,0,26.9,37,48.8,83.6,0,HOT,DRY,Calm,96
5/27/2018,0,27.3,38.6,42.6,84.3,0,HOT,DRY,Calm,66
5/28/2018,1.1,27.7,37.9,47.1,76.8,0,HOT,DRY,Calm,97
5/29/2018,0,26.5,37.4,45,68.3,0,HOT,DRY,Calm,92
5/30/2018,0,27.4,38.5,45.8,77.9,0,HOT,DRY,Calm,136
5/31/2018,0,24.4,33,61.1,77.2,0,HOT,DRY,Calm,108
6/1/2018,0,25.4,35.4,55.1,95.2,0,HOT,DRY,Calm,92
6/2/2018,0,25.8,36.3,51,100,0,HOT,DRY,Calm,107
6/3/2018,0,27.2,37.1,49.4,80,0,HOT,DRY,Calm,127
6/4/2018,0,27.4,38.1,46.2,81.9,0,HOT,DRY,Calm,128
6/5/2018,0,26.5,38.2,46,69.4,0,HOT,DRY,Calm,108
6/6/2018,0,27.3,38.8,40.3,77.9,0,HOT,DRY,Calm,96
6/7/2018,0,27.8,40.1,35.1,74.7,0,HOT,DRY,Calm,98
6/8/2018,0,28.3,38.9,44.5,74.6,0,HOT,DRY,Calm,61
6/9/2018,0,25.5,38.5,45.5,99.4,0,HOT,DRY,Calm,106
6/10/2018,0,25.6,31.7,64.7,100,0,HOT,DRY,Calm,65
6/11/2018,0,26.3,34.3,60.5,100,0,HOT,DRY,Calm,66
6/12/2018,0,26.5,35.2,62.1,100,0,HOT,DRY,Calm,95
6/13/2018,0,26.5,34,66.7,81.2,0,HOT,DRY,Calm,94
6/14/2018,0,28.8,38,51.5,80,0,HOT,DRY,Calm,129
6/15/2018,0,29.8,40.3,43.5,80.7,0,HOT,DRY,Calm,129
6/16/2018,0,24.4,37.3,53.6,80.7,0,HOT,DRY,Calm,75
6/17/2018,0,25.6,35.3,58.4,82.8,0,HOT,DRY,Calm,#N/A
6/18/2018,0,29.1,39,53,83,0,HOT,DRY,Calm,113
6/19/2018,0,25.2,33.5,69.2,84,0,HOT,DRY,Calm,105
6/20/2018,0,26.4,36,54.6,77.2,0,HOT,DRY,Calm,114
6/21/2018,0,27.2,35,57.1,81.7,0,HOT,DRY,Calm,113
6/22/2018,0,27.4,38.1,46.8,78.3,0,HOT,DRY,Calm,84
6/23/2018,0,27.4,32.7,65.8,79.5,0,HOT,DRY,Calm,105
6/24/2018,0,27.3,33.6,65.7,79.8,0,HOT,DRY,Calm,94
6/25/2018,0,26.5,30.3,71.7,77.4,0,HOT,DRY,Calm,97
6/26/2018,0,26.5,36.5,49.4,77.2,0,HOT,DRY,Calm,88
6/27/2018,0,26.7,33.6,58.6,76.8,0,HOT,DRY,Calm,57
6/28/2018,0,26.1,32.5,64.2,80.2,0,HOT,DRY,Calm,74
6/29/2018,0,26.3,34.5,54,76.1,0,HOT,DRY,Calm,99
6/30/2018,0,27.2,33.8,62.7,79.1,0,HOT,DRY,Calm,93
7/1/2018,0,27.9,35.3,56.5,76.7,0,HOT,DRY,Calm,87
7/2/2018,0,27.1,34.9,59.8,78.2,0,HOT,DRY,Calm,79
7/3/2018,0,25,31.2,72.7,81.6,0,HOT,DRY,Calm,74
7/4/2018,0,25.5,28.7,81.6,100,0,HOT,DRY,Calm,84
7/5/2018,0,26.5,33.9,62.7,100,0,HOT,DRY,Calm,111
7/6/2018,0,26.6,37.3,48.5,82.7,0,HOT,DRY,Calm,111
7/7/2018,0,27.5,35.8,54.1,78.9,0,HOT,DRY,Calm,91
7/8/2018,0,27.6,35.2,56.9,75.1,0,HOT,DRY,Calm,67
7/9/2018,0,26.8,30.8,74.8,100,0,HOT,DRY,Calm,79
7/10/2018,0,27,34.3,63.2,100,0,HOT,DRY,Calm,87
7/11/2018,0,26.6,34.6,60.7,82.9,0,HOT,DRY,Calm,98
7/12/2018,0,27.9,35.5,58.9,80.6,0,HOT,DRY,Calm,77
7/13/2018,0,27.1,35.1,60.6,100,0,HOT,DRY,Calm,80
7/14/2018,0,28,35.8,52.3,78.8,0,HOT,DRY,Calm,64
7/15/2018,0,27.7,33.9,60.9,79.3,0,HOT,DRY,Calm,54
7/16/2018,0,27.6,33.4,64.4,79.5,0,HOT,DRY,Calm,51
7/17/2018,0,27.2,35,57.6,78.8,0,HOT,DRY,Calm,85
7/18/2018,0,28.1,36.8,54.6,77.3,0,HOT,DRY,Calm,81
7/19/2018,0,27.8,41,39.4,78.4,0,HOT,DRY,Calm,101
7/20/2018,0,26.4,36.4,53.6,79.2,0,HOT,DRY,Calm,108
7/21/2018,0,27.2,32.4,66.6,78.3,0,HOT,DRY,Calm,42
7/22/2018,0,26.7,34.2,61.7,78.3,0,HOT,DRY,Calm,56
7/23/2018,0,26.2,33,65.8,77.9,0,HOT,DRY,Calm,96
7/24/2018,0,27,30.8,75.5,100,0,HOT,DRY,Calm,95
7/25/2018,0,25.6,30.7,77.2,77.2,0,HOT,DRY,Calm,90
7/26/2018,0,25.1,28.6,77.2,100,0,HOT,DRY,Calm,83
7/27/2018,0,26.4,33.9,60.6,100,0,HOT,DRY,Calm,91
7/28/2018,0,26.4,31.8,72,79.3,0,HOT,DRY,Calm,126
7/29/2018,0,27,34.1,60.2,76.4,0,HOT,DRY,Calm,128
7/30/2018,0,27.5,34.1,63.5,77.9,0,HOT,DRY,Calm,107
7/31/2018,0,26.5,35.3,56.4,79.6,0,HOT,DRY,Calm,105
8/1/2018,0,25.6,27.7,74.2,74.2,0,HOT,DRY,Calm,65
8/2/2018,0,26,32.5,62.9,100,0,HOT,DRY,Calm,113
8/3/2018,0,25.5,30.8,71.4,100,0,HOT,DRY,Calm,121
8/4/2018,0,26.6,35.4,55.5,78.7,0,HOT,DRY,Calm,129
8/5/2018,0,28,35.3,56.7,78.2,0,HOT,DRY,Calm,157
8/6/2018,0,26.9,37.3,48.9,78.4,0,HOT,DRY,Calm,109
8/7/2018,0,26.4,33.4,58.5,100,0,HOT,DRY,Calm,81
8/8/2018,0,27.3,36.1,51.7,75.1,0,HOT,DRY,Calm,106
8/9/2018,0,27.4,35.7,52.6,77.6,0,HOT,DRY,Calm,121
8/10/2018,0,27.6,38.7,43.9,79.2,0,HOT,DRY,Calm,129
8/11/2018,0,28.1,38.1,45,77.6,0,HOT,DRY,Calm,96
8/12/2018,0,27.6,36.9,51.5,78.3,0,HOT,DRY,Calm,101
8/13/2018,0,28.1,36.3,52.7,74.7,0,HOT,DRY,Calm,72
8/14/2018,0,28.1,36.5,51.8,77.1,0,HOT,DRY,Calm,77
8/15/2018,0,28.1,34.1,59.9,74.8,0,HOT,DRY,Calm,49
8/16/2018,0,28,36,52.5,77.6,0,HOT,DRY,Calm,80
8/17/2018,0,27.6,38.3,45.3,75.9,0,HOT,DRY,Calm,75
8/18/2018,0,28.6,39.4,44.8,78.5,0,HOT,DRY,Calm,#N/A
8/19/2018,0,25.4,31.6,68.2,77.2,0,HOT,DRY,Calm,#N/A
8/20/2018,0,26.8,32.8,66.2,78.3,0,HOT,DRY,Calm,#N/A
8/21/2018,0,27.1,33.6,64.1,78.2,0,HOT,DRY,Calm,#N/A
8/22/2018,0,27.3,36.9,52,78.5,0,HOT,DRY,Calm,#N/A
8/23/2018,0,26.6,36.1,59.9,100,0,HOT,DRY,Calm,#N/A
8/24/2018,0,28,35.3,58.7,81.3,0,HOT,DRY,Calm,#N/A
8/25/2018,0,27.8,35.8,56.5,77.2,0,HOT,DRY,Calm,#N/A
8/26/2018,0,27.9,37,50.6,77.4,0,HOT,DRY,Calm,#N/A
8/27/2018,0,28,34.7,59.6,79,0,HOT,DRY,Calm,#N/A
8/28/2018,0,27.6,34.4,59.2,76.9,0,HOT,DRY,Calm,#N/A
8/29/2018,0,27.3,35.7,55.4,77.1,0,HOT,DRY,Calm,#N/A
8/30/2018,0,27.4,36.2,53.9,100,0,HOT,DRY,Calm,#N/A
8/31/2018,0,26.3,35.4,55.6,100,0,HOT,DRY,Calm,#N/A
9/1/2018,0,27.6,35.3,54.7,79.2,0,HOT,DRY,Calm,#N/A
9/2/2018,0,25.8,31.2,73.2,80.1,0,HOT,DRY,Calm,#N/A
9/3/2018,0,27,33.7,64.9,100,0,HOT,DRY,Calm,#N/A
9/4/2018,0,26.9,37.2,48.3,83.2,0,HOT,DRY,Calm,#N/A
9/5/2018,0,27.6,35.2,52,76,0,HOT,DRY,Calm,#N/A
9/6/2018,0,26.7,31.1,65.4,76.4,0,HOT,DRY,Calm,#N/A
9/7/2018,0,26.8,34.4,57.7,77.3,0,HOT,DRY,Calm,#N/A
9/8/2018,0,27.1,36.3,50.1,77,0,HOT,DRY,Calm,#N/A
9/9/2018,0,26.3,36.9,47.7,79.1,0,HOT,DRY,Calm,#N/A
9/10/2018,0,27.2,35.4,54,76.7,0,HOT,DRY,Calm,#N/A
9/11/2018,0,25.1,35.1,55.5,78.6,0,HOT,DRY,Calm,#N/A
9/12/2018,0,26,33.9,65,100,0,HOT,DRY,Calm,#N/A
9/13/2018,0,27.5,35.6,56.2,82.8,0,HOT,DRY,Calm,#N/A
9/14/2018,0,26.3,36.9,51.1,79.8,0,HOT,DRY,Calm,#N/A
9/15/2018,0,26.2,36.5,51,82.4,0,HOT,DRY,Calm,#N/A
9/16/2018,0,26.9,37,47.9,80.6,0,HOT,DRY,Calm,#N/A
9/17/2018,0,27.2,37.9,46.5,76.4,0,HOT,DRY,Calm,#N/A
9/18/2018,0,27.8,38.2,45.4,78.6,0,HOT,DRY,Calm,#N/A
9/19/2018,0,27.6,39.2,43,74.4,0,HOT,DRY,Calm,#N/A
9/20/2018,0,27,35.4,50.6,74,0,HOT,DRY,Calm,#N/A
9/21/2018,0,25.2,30.8,69.2,78,0,HOT,DRY,Calm,#N/A
9/22/2018,0,25.8,35.7,51.2,81.7,0,HOT,DRY,Calm,#N/A
9/23/2018,0,26.3,36.9,46.8,77.7,0,HOT,DRY,Calm,#N/A
9/24/2018,0,27.5,36.3,48.2,78.3,0,HOT,DRY,Calm,#N/A
9/25/2018,0,27.9,36,53.6,78.9,0,HOT,DRY,Calm,#N/A
9/26/2018,0,27.6,36.4,52.1,80.5,0,HOT,DRY,Calm,#N/A
9/27/2018,0,27.4,37.7,47.1,79.4,0,HOT,DRY,Calm,#N/A
9/28/2018,0,27.3,37.7,47.1,79.1,0,HOT,DRY,Calm,#N/A
9/29/2018,0,27.4,38.3,46.2,80.2,0,HOT,DRY,Calm,#N/A
9/30/2018,0,27.4,38.3,41.8,78.4,0,HOT,DRY,Calm,#N/A
10/1/2018,0,25.6,39.5,30.5,73.6,0,HOT,DRY,Calm,#N/A
10/2/2018,0,25.1,38.8,35.3,70.1,0,HOT,DRY,Calm,#N/A
10/3/2018,0,26.7,37.4,41.8,73.7,0,HOT,DRY,Calm,#N/A
10/4/2018,21.6,26.2,38.4,33.5,69.5,0,HOT,DRY,Calm,#N/A
10/5/2018,37.4,26.8,37.6,42.2,76.5,0,HOT,DRY,Windy,#N/A
10/6/2018,4.3,26,37.1,38.8,75.8,0,HOT,DRY,Calm,#N/A
10/7/2018,4.3,24.7,37.7,37.4,74.7,0,HOT,DRY,Calm,#N/A
10/8/2018,23.4,25.3,37.9,32.9,76.2,0,HOT,DRY,Calm,#N/A
10/9/2018,33.1,24.1,34.8,51.4,72.6,0,HOT,DRY,Calm,#N/A
10/10/2018,24.5,25,31.4,60.3,71.4,0,HOT,DRY,Calm,#N/A
10/11/2018,24.5,23.7,27.5,71.3,71.3,0,HOT,DRY,Calm,#N/A
10/12/2018,24.5,25.1,29.3,71.2,77.3,0,HOT,DRY,Calm,#N/A
10/13/2018,24.5,23.2,29,70.7,74.6,0,HOT,DRY,Calm,#N/A
10/14/2018,24.5,22.9,32.9,53.1,73.3,0,HOT,DRY,Calm,#N/A
10/15/2018,24.5,23.1,35.3,39.7,75.1,0,HOT,DRY,Calm,#N/A
10/16/2018,8.3,22.8,35.1,35.6,74.2,0,HOT,DRY,Calm,#N/A
10/17/2018,22.3,21.3,34.6,33.3,66.7,0,COLD,DRY,Calm,#N/A
10/18/2018,21.6,22,34.5,42.3,71.7,0,HOT,DRY,Calm,#N/A
10/19/2018,0,23.9,35.5,43.7,76.6,0,HOT,DRY,Calm,#N/A
10/20/2018,0,24.4,35.8,42.8,78.1,0,HOT,DRY,Calm,#N/A
10/21/2018,2.2,24.4,35.2,33.9,77.2,0,HOT,DRY,Calm,#N/A
10/22/2018,0,22.6,34.6,41,72,0,HOT,DRY,Calm,#N/A
10/23/2018,2.9,22.7,34.8,40.7,74.3,0,HOT,DRY,Calm,#N/A
10/24/2018,2.5,22.2,34.6,43.3,72.1,0,HOT,DRY,Calm,#N/A
10/25/2018,2.5,19.5,35.1,22.2,65.1,0,COLD,DRY,Calm,#N/A
10/26/2018,2.9,17.7,33.8,27.5,56.2,0,COLD,DRY,Calm,#N/A
10/27/2018,5.8,18.5,34.4,33,62.8,0,COLD,DRY,Calm,#N/A
10/28/2018,5,22.4,29.5,54.2,65.9,0,HOT,DRY,Calm,#N/A
10/29/2018,2.2,21.9,26.8,65.4,65.4,0,COLD,DRY,Calm,#N/A
10/30/2018,2.2,23,28.7,61.5,65.4,0,HOT,DRY,Calm,#N/A
10/31/2018,2.9,22.8,33.8,44.3,64.9,0,HOT,DRY,Calm,#N/A
11/1/2018,5.4,22.9,36.1,38.5,67.3,0,HOT,DRY,Calm,107
11/2/2018,6.8,23.3,34.5,45,69.5,0,HOT,DRY,Calm,176
11/3/2018,3.6,23.5,35,43.2,73.3,0,HOT,DRY,Calm,163
11/4/2018,7.2,22.9,33.8,46.3,75.1,0,HOT,DRY,Calm,165
11/5/2018,5.8,22.6,33.7,50.9,72.4,0,HOT,DRY,Calm,150
11/6/2018,8.6,22,33.3,43.6,72.5,0,HOT,DRY,Calm,166
11/7/2018,6.8,22.1,32,42.8,73.5,0,HOT,DRY,Calm,190
11/8/2018,8.6,19.8,32.3,40.4,62.8,0,COLD,DRY,Calm,179
11/9/2018,6.5,17.3,32.8,25.5,57.3,0,COLD,DRY,Calm,207
11/10/2018,14,17,32.6,31.6,55.2,0,COLD,DRY,Calm,292
11/11/2018,10.1,17.9,32.3,35.9,56.5,0,COLD,DRY,Calm,224
11/12/2018,11.9,18.2,32.2,37.3,62,0,COLD,DRY,Calm,216
11/13/2018,7.2,17.6,32.6,33.1,59.1,0,COLD,DRY,Calm,179
11/14/2018,7.6,18,32.4,40.1,62,0,COLD,DRY,Calm,234
11/15/2018,3.2,19.1,33.6,38.9,65.4,0,COLD,DRY,Calm,296
11/16/2018,7.9,19.8,35.3,23.1,65.7,0,COLD,DRY,Calm,231
11/17/2018,10.1,20.6,32.9,36,62.2,0,COLD,DRY,Calm,205
11/18/2018,4.7,19.4,31.7,36.7,52.1,0,COLD,DRY,Calm,207
11/19/2018,5,16.8,32.2,28,52.3,0,COLD,DRY,Calm,201
11/20/2018,5.4,16.7,31.2,34.3,56.5,0,COLD,DRY,Calm,241
11/21/2018,2.9,17.3,31.5,28.2,61.1,0,COLD,DRY,Calm,186
11/22/2018,4,15,30.3,37.4,54.2,0,COLD,DRY,Calm,191
11/23/2018,4.7,16.1,31.8,30.1,59,0,COLD,DRY,Calm,212
11/24/2018,3.6,16,30.1,38.6,57.1,0,COLD,DRY,Calm,191
11/25/2018,4,16.3,30.6,34.5,58.5,0,COLD,DRY,Calm,164
11/26/2018,2.9,16.1,30.6,37.9,60.1,0,COLD,DRY,Calm,191
11/27/2018,2.9,17.3,32.6,33.5,58.5,0,COLD,DRY,Calm,178
11/28/2018,3.2,16.9,33.4,28.7,62.1,0,COLD,DRY,Calm,161
11/29/2018,2.9,15.8,31.3,32.5,56.7,0,COLD,DRY,Calm,197
11/30/2018,2.9,17.5,30,34.3,54,0,COLD,DRY,Calm,174
12/1/2018,2.9,17.5,29.9,31.4,54.3,0,COLD,DRY,Calm,233
12/2/2018,3.2,14.3,29,36,53.4,0,COLD,DRY,Calm,177
12/3/2018,3.2,14.4,29.2,34.7,46.5,0,COLD,DRY,Calm,189
12/4/2018,2.9,13.8,30,30.6,43.7,0,COLD,DRY,Calm,220
12/5/2018,3.2,15,30.4,26.8,43.5,0,COLD,DRY,Calm,194
12/6/2018,4,16,29,37.4,47.9,0,COLD,DRY,Calm,234
12/7/2018,4,13.9,28.8,29.6,47.9,0,COLD,DRY,Calm,236
12/8/2018,2.9,13.2,28.5,23.2,38,0,COLD,DRY,Calm,247
12/9/2018,3.6,12.9,28.8,34.6,42.2,0,COLD,DRY,Calm,211
12/10/2018,4.3,13.1,29.3,30.9,49.1,0,COLD,DRY,Calm,213
12/11/2018,4,12.2,29.7,31.4,48.7,0,COLD,DRY,Calm,227
12/12/2018,2.9,14.3,30.4,30.3,51.6,0,COLD,DRY,Calm,271
12/13/2018,4.7,14.3,30.3,31.4,51.9,0,COLD,DRY,Calm,250
12/14/2018,3.2,16.3,29.6,34.6,43.8,0,COLD,DRY,Calm,204
12/15/2018,2.9,16,27.3,43.7,43.7,0,COLD,DRY,Calm,210
12/16/2018,3.2,18.7,25.8,43.7,43.7,0,COLD,DRY,Calm,203
12/17/2018,2.5,19.1,22,43.7,43.7,0,COLD,DRY,Calm,207
12/18/2018,3.2,17,20.4,43.7,43.7,0,COLD,DRY,Calm,120
12/19/2018,4.3,14,24,43.7,43.7,0,COLD,DRY,Calm,134
12/20/2018,5.8,12,24.8,43.7,43.7,0,COLD,DRY,Calm,190
12/21/2018,4.7,12,26.2,43.7,43.7,0,COLD,DRY,Calm,192
12/22/2018,11.9,11.8,26.4,43.7,43.7,0,COLD,DRY,Calm,223
12/23/2018,11.5,12.8,27.4,36.7,43.7,0,COLD,DRY,Calm,239
12/24/2018,11.2,12.7,27.5,34.2,37.4,0,COLD,DRY,Calm,224
12/25/2018,5.8,12.1,27.7,32.3,37.5,0,COLD,DRY,Calm,244
12/26/2018,5.8,10.8,26.7,28.2,37.2,0,COLD,DRY,Calm,251
12/27/2018,4,9,26.1,26.4,30.9,0,COLD,DRY,Calm,230
12/28/2018,4.3,8.6,25.1,28.4,28.4,0,COLD,DRY,Calm,211
12/29/2018,6.1,6.9,24.9,28.4,28.4,0,COLD,DRY,Calm,203
12/30/2018,4,10.9,27,28.4,28.4,0,COLD,DRY,Calm,195
12/31/2018,3.2,10.6,28.2,28.4,38.1,0,COLD,#REF!,Calm,#N/A
1/1/2019,18,17.3,28.6,33.6,86.5,0,COLD,DRY,Calm,191
1/2/2019,20.9,14.2,28.1,38.2,95.4,0,COLD,DRY,Calm,210
1/3/2019,19.8,13.5,27.5,37.9,95.2,0,COLD,DRY,Calm,217
1/4/2019,19.8,11.6,25.7,31.3,95.5,0,COLD,DRY,Calm,306
1/5/2019,21.6,12.2,26.7,36,94.5,0,COLD,DRY,Calm,244
1/6/2019,24.1,13.4,28,36.1,98,0,COLD,DRY,Calm,225
1/7/2019,17.3,12.6,29.2,34.3,98,0,COLD,DRY,Calm,239
1/8/2019,27.4,13.2,27.5,34.2,97.5,0,COLD,DRY,Calm,218
1/9/2019,22.7,15,26.9,40.5,88.2,0,COLD,DRY,Calm,217
1/10/2019,20.9,13.4,26.4,29.2,94.3,0,COLD,DRY,Calm,236
1/11/2019,23.4,12.7,27.1,33.8,89,0,COLD,DRY,Calm,254
1/12/2019,16.2,12.9,25,55.4,95.8,0,COLD,DRY,Calm,264
1/13/2019,20.9,14.3,28,40.4,97.6,0,COLD,DRY,Calm,234
1/14/2019,21.2,14.2,27.7,34,95.9,0,COLD,DRY,Calm,222
1/15/2019,25.9,14.5,26.5,34.1,84.9,0,COLD,DRY,Calm,240
1/16/2019,27,13.5,27.7,29.5,76.1,0,COLD,DRY,Calm,198
1/17/2019,25.2,12.9,28.1,31.7,95.5,0,COLD,DRY,Calm,245
1/18/2019,16.6,13.4,27.3,43.9,98,0,COLD,DRY,Calm,308
1/19/2019,19.8,14.3,27.2,41.6,98,0,COLD,DRY,Calm,309
1/20/2019,22,14.2,27.8,31.2,97.3,0,COLD,DRY,Calm,289
1/21/2019,18,15.8,29,24.7,91.3,0,COLD,DRY,Calm,268
1/22/2019,27,14.4,29.9,33.3,98,0,COLD,DRY,Calm,260
1/23/2019,15.5,15,30.5,37.9,97.9,0,COLD,DRY,Calm,300
1/24/2019,21.6,14.8,29.7,36.9,98,0,COLD,DRY,Calm,285
1/25/2019,20.2,16.5,30.9,35.6,88.1,0,COLD,DRY,Calm,222
1/26/2019,19.4,16.6,31.6,31.9,95.1,0,COLD,DRY,Calm,229
1/27/2019,24.5,19.3,30.5,39.7,84.9,0,COLD,DRY,Calm,196
1/28/2019,29.5,19.4,28,49.6,84.5,0,COLD,DRY,Calm,188
1/29/2019,31.3,15.7,25.4,47,82.5,0,COLD,DRY,Calm,192
1/30/2019,26.3,12.2,25.4,32.3,87.6,0,COLD,DRY,Calm,194
1/31/2019,19.4,13,28.5,36.6,98,0,COLD,DRY,Calm,231
2/1/2019,18.4,13.4,30.6,31.4,98,0,COLD,DRY,Calm,291
2/2/2019,24.1,15.6,29.4,29.2,97.3,0,COLD,DRY,Calm,269
2/3/2019,21.6,14.5,29.3,22.5,95.9,0,COLD,DRY,Calm,325
2/4/2019,27.4,13.6,28.9,27.8,92.2,0,COLD,DRY,Calm,280
2/5/2019,24.5,14.5,29.1,32,81.7,0,COLD,DRY,Calm,215
2/6/2019,21.6,13.2,28.8,25.4,95,0,COLD,DRY,Calm,271
2/7/2019,17.6,14.6,30.7,30.4,92.7,0,COLD,DRY,Calm,289
2/8/2019,36.7,16.5,30.8,36,97.4,0,COLD,DRY,Windy,292
2/9/2019,32,19.7,27.9,52.5,86.6,0,COLD,DRY,Calm,154
2/10/2019,30.2,16.1,28,20.4,93.4,0,COLD,DRY,Calm,187
2/11/2019,28.8,13.4,28.4,31.1,95.8,0,COLD,DRY,Calm,180
2/12/2019,27.7,15.6,29.7,34.1,91.4,0,COLD,DRY,Calm,193
2/13/2019,24.8,16.9,30.9,34.5,93.4,0,COLD,DRY,Calm,207
2/14/2019,22.3,16.8,31.2,34.1,96.1,0,COLD,DRY,Calm,230
2/15/2019,26.3,16.8,31.6,34.9,96.3,0,COLD,DRY,Calm,338
2/16/2019,31.3,18.3,27.1,54.5,91.8,0,COLD,DRY,Calm,287
2/17/2019,29.2,16.2,26.5,56.9,98,0,COLD,DRY,Calm,217
2/18/2019,21.6,14.9,28.9,31.4,98,0,COLD,DRY,Calm,293
2/19/2019,25.9,15.8,30.6,32.8,96.6,0,COLD,DRY,Calm,267
2/20/2019,24.1,19.1,31.8,40.4,98,0,COLD,DRY,Calm,195
2/21/2019,24.1,16.3,32.4,28.5,98,0,COLD,DRY,Calm,260
2/22/2019,21.2,19.2,32.8,38.6,98,0,COLD,DRY,Calm,236
2/23/2019,22,21.3,33.6,42.7,98,0,COLD,DRY,Calm,207
2/24/2019,23,20,31.4,22.6,90.5,0,COLD,DRY,Calm,194
2/25/2019,33.1,18.7,25.3,47.3,94.7,0,COLD,DRY,Calm,180
2/26/2019,36,18,26.9,63.5,98,0,COLD,DRY,Windy,159
2/27/2019,46.4,18.5,27.7,58.3,98,0,COLD,DRY,Windy,121
2/28/2019,43.9,18.7,25.6,72.4,98,0,COLD,DRY,Windy,118
3/1/2019,22,17.3,27.6,26,98,0,COLD,DRY,Calm,174
3/2/2019,24.5,13,28.1,24.4,90.6,0,COLD,DRY,Calm,164
3/3/2019,26.6,15.7,28.9,34.5,90.3,0,COLD,DRY,Calm,199
3/4/2019,18,20.6,27,55.9,87,0,COLD,DRY,Calm,291
3/5/2019,38.2,18.8,25.5,78.5,98,0,COLD,DRY,Windy,183
3/6/2019,20.2,20.3,29.2,61,98,0,COLD,DRY,Calm,186
3/7/2019,19.8,20.7,30.5,36.2,98,0,COLD,DRY,Calm,193
3/8/2019,31.7,17.5,30.5,28.3,90.8,0,COLD,DRY,Calm,177
3/9/2019,23.8,17.5,30.9,31,90,0,COLD,DRY,Calm,240
3/10/2019,27.7,17.9,31.8,40.7,95.8,0,COLD,DRY,Calm,251
3/11/2019,31.3,22,32.1,59.3,98,0,HOT,DRY,Calm,191
3/12/2019,24.5,24,34.2,33.9,98,0,HOT,DRY,Calm,160
3/13/2019,20.2,23.9,33.5,59.1,98,0,HOT,DRY,Calm,177
3/14/2019,23.4,24.7,34.5,36.3,98,0,HOT,DRY,Calm,187
3/15/2019,30.6,22.1,33.8,35.4,85.3,0,HOT,DRY,Calm,201
3/16/2019,37.1,24.4,34.4,37.7,84.7,0,HOT,DRY,Windy,167
3/17/2019,24.1,23.6,34.5,42.4,88,0,HOT,DRY,Calm,184
3/18/2019,33.1,21.7,30.7,48.3,95.2,0,COLD,DRY,Calm,160
3/19/2019,68.4,20.3,32.2,46.3,98,0,COLD,DRY,Windy,173
3/20/2019,27.4,22.8,34.2,29.6,98,0,HOT,DRY,Calm,172
3/21/2019,27.4,23.4,34.4,31.3,96.9,0,HOT,DRY,Calm,161
3/22/2019,33.8,24.2,34.2,56.7,96.4,0,HOT,DRY,Calm,185
3/23/2019,25.6,21.8,34.1,28.1,95.4,0,COLD,DRY,Calm,172
3/24/2019,23,20.8,35,21,95.7,0,COLD,DRY,Calm,248
3/25/2019,20.9,21.4,35.8,25.4,92.8,0,COLD,DRY,Calm,207
3/26/2019,47.5,21.5,35.4,39.7,93.6,0,COLD,DRY,Windy,255
3/27/2019,32.8,21,29.1,53,98,0,COLD,DRY,Calm,183
3/28/2019,19.4,20,34.1,36.1,93.3,0,COLD,DRY,Calm,173
3/29/2019,25.9,22.3,34.6,46,92.6,0,HOT,DRY,Calm,232
3/30/2019,31.3,23.7,34.1,50.7,93.5,0,HOT,DRY,Calm,161
3/31/2019,106.9,19.2,34.4,58.9,98,0,COLD,DRY,Windy,130
4/1/2019,59.4,18.6,31,57,98,0,COLD,DRY,Windy,107
4/2/2019,64.1,19,33.1,66.9,98,0,COLD,DRY,Windy,140
4/3/2019,41.8,19.5,32.3,69.4,98,0,COLD,DRY,Windy,125
4/4/2019,29.2,22.2,33.4,62,96.6,0,HOT,DRY,Calm,205
4/5/2019,27.7,25.4,30.8,73.8,98,0,HOT,DRY,Calm,153
4/6/2019,82.1,19.8,34.1,50.8,98,0,COLD,DRY,Windy,123
4/7/2019,39.6,20.1,30.6,62.9,98,0,COLD,DRY,Windy,133
4/8/2019,68,20.2,34.2,54.6,98,0,COLD,DRY,Windy,155
4/9/2019,45,19.7,30.1,67.5,98,0,COLD,DRY,Windy,97
4/10/2019,79.6,18.1,29.7,67.4,98,0,COLD,DRY,Windy,112
4/11/2019,34.2,23.8,33.8,64.1,95.7,0,HOT,DRY,Calm,180
4/12/2019,42.5,24,34.2,67.8,98,0,HOT,DRY,Windy,146
4/13/2019,51.8,20.9,35.1,61.6,98,0,COLD,DRY,Windy,164
4/14/2019,54,21.9,34.9,44.4,98,0,COLD,DRY,Windy,159
4/15/2019,27,26.8,34.9,57.1,98,0,HOT,DRY,Calm,121
4/16/2019,27.7,26.6,35.6,63.4,98,0,HOT,DRY,Calm,128
4/17/2019,50.8,24.4,35.8,49.1,94.9,0,HOT,DRY,Windy,137
4/18/2019,38.5,24.8,34.1,46,96.5,0,HOT,DRY,Windy,155
4/19/2019,23,24.2,36,41.2,95.6,0,HOT,DRY,Calm,196
4/20/2019,23,25.2,35.5,42.4,91.3,0,HOT,DRY,Calm,162
4/21/2019,24.8,23.6,32.6,51.8,91.3,0,HOT,DRY,Calm,150
4/22/2019,19.1,29.6,35.3,38.2,68.6,0,HOT,DRY,Calm,121
4/23/2019,22,25.1,35.8,46.3,89.8,0,HOT,DRY,Calm,156
4/24/2019,16.2,25.7,37.8,41.6,86.3,0,HOT,DRY,Calm,191
4/25/2019,21.2,27.5,38,44.8,88.4,0,HOT,DRY,Calm,171
4/26/2019,22.7,26.7,37,48.6,92.6,0,HOT,DRY,Calm,135
4/27/2019,28.8,26.6,35.4,60.5,93.4,0,HOT,DRY,Calm,142
4/28/2019,36,29.3,36.7,58.4,91.9,0,HOT,DRY,Windy,118
4/29/2019,42.8,29.1,36.9,60.2,89.9,0,HOT,DRY,Windy,120
4/30/2019,43.6,29,36.2,56.5,88.7,0,HOT,DRY,Windy,86
5/1/2019,44.6,29,36.7,53.1,90.2,0,HOT,DRY,Windy,146
5/2/2019,39.2,28.8,36.6,53,92.6,0,HOT,DRY,Windy,175
5/3/2019,57.6,25,33.2,70,98,0,HOT,DRY,Windy,189
5/4/2019,73.1,24.9,27,89.7,98,0,HOT,DRY,Windy,#N/A
5/7/2019,26.3,28.5,34.4,70.2,91.5,,HOT,DRY,Calm,149
5/8/2019,29.5,28.5,35.8,66,91.2,0,HOT,DRY,Calm,146
5/9/2019,42.1,28.8,36,68,90.9,0,HOT,DRY,Windy,140
5/10/2019,40,29.1,36.4,65.8,91.3,0,HOT,DRY,Windy,142
5/11/2019,37.1,29.9,35.9,63.1,89.3,0,HOT,DRY,Windy,129
5/12/2019,38.5,25.5,35.8,62.8,92.2,0,HOT,DRY,Windy,#N/A
5/13/2019,44.3,27.5,35.8,51.3,95.9,0,HOT,DRY,Windy,143
5/14/2019,49,23.1,30.6,53.1,98,0,HOT,DRY,Windy,124
5/15/2019,24.1,29,35.8,55.6,91.1,0,HOT,DRY,Calm,131
5/16/2019,43.9,25.4,35.7,58.7,97.8,0,HOT,DRY,Windy,117
5/17/2019,32,28,35.8,64.5,95.2,0,HOT,DRY,Calm,112
5/18/2019,91.4,21.7,35.7,59.2,98,0,COLD,DRY,Windy,146
5/19/2019,,24.9,35.6,62.8,98,0,HOT,DRY,Calm,141
5/20/2019,,25.8,33.5,74.7,95.2,0,HOT,DRY,Calm,155
5/21/2019,28.1,27.8,36.8,61.2,82.1,0,HOT,DRY,Calm,159
5/22/2019,49.3,24.3,35.8,58.7,96.8,0,HOT,Rainy,Windy,114
5/23/2019,26.3,23.2,34.1,62.2,98,1.2,HOT,Rainy,Calm,102
5/24/2019,43.2,25.9,34.2,71.7,95.3,10.2,HOT,Rainy,Windy,92
5/25/2019,78.1,21.5,29,78.2,98,15,COLD,DRY,Windy,95
5/26/2019,36,26.8,36.2,66.2,97.5,0,HOT,DRY,Windy,118
5/27/2019,37.8,29.5,36.8,65.6,95.1,0,HOT,DRY,Windy,108
5/28/2019,50.4,25.3,37.5,60.5,94.9,0,HOT,DRY,Windy,135
5/29/2019,39.6,27.8,36.4,59.1,96.7,0,HOT,DRY,Windy,133
5/30/2019,25.2,29.7,35.9,61.9,92.6,0,HOT,DRY,Calm,105
5/31/2019,31.3,26.6,36.5,51,89.7,0,HOT,Rainy,Calm,101
6/1/2019,64.1,22.8,33.5,64.8,98,38.4,HOT,Rainy,Windy,96
6/2/2019,53.3,23.4,31.5,76.6,98,7.2,HOT,Rainy,Windy,96
6/3/2019,32.4,26.3,31,78,97.7,1.2,HOT,Rainy,Calm,83
6/4/2019,45.7,25,31.6,80.4,98,13.8,HOT,Rainy,Windy,71
6/5/2019,32.4,25.2,28.8,88.2,98,27,HOT,Rainy,Calm,37
6/6/2019,28.1,26.5,34.5,69.4,98,3,HOT,DRY,Calm,51
6/7/2019,34.9,26.7,33.5,72.5,98,0,HOT,DRY,Calm,48
6/8/2019,33.8,27,33.8,70.5,98,0,HOT,Rainy,Calm,55
6/9/2019,31.3,27.8,32.1,80.9,98,13.2,HOT,DRY,Calm,68
6/10/2019,25.2,28.8,29.7,92.7,98,0,HOT,DRY,Calm,86
6/11/2019,27.4,28.4,36.3,63.1,97.2,0,HOT,DRY,Calm,98
6/12/2019,20.9,29.5,37,62,96.9,0,HOT,DRY,Calm,87
6/13/2019,28.1,29.2,36.6,66.2,98,0.6,HOT,DRY,Calm,114
6/14/2019,30.2,29.5,34.1,76.8,95.4,0,HOT,DRY,Calm,99
6/15/2019,16.2,29.9,30.5,94.6,96.2,,HOT,DRY,Calm,115
6/16/2019,32.4,26.3,35.5,76.3,98,,HOT,DRY,Calm,112
6/17/2019,27.4,30.3,35.1,76.2,91.6,0,HOT,Rainy,Calm,95
6/18/2019,54.7,25.4,36.1,64,98,18,HOT,DRY,Windy,127
6/19/2019,18.7,28.5,37.6,56.4,95.6,0,HOT,Rainy,Calm,147
6/20/2019,31.3,27.9,35.5,67.1,97.6,3,HOT,Rainy,Calm,116
6/21/2019,50.4,27.7,34.6,73,98,3,HOT,Rainy,Windy,88
6/22/2019,35.3,28.2,33.9,70.9,98,4.8,HOT,DRY,Windy,80
6/23/2019,26.3,28.3,36.4,54.2,95.8,0,HOT,DRY,Calm,87
6/24/2019,27.4,28.7,36.6,58.3,95.5,0,HOT,DRY,Calm,66
6/25/2019,26.6,30.2,35.4,63.6,90.7,0,HOT,DRY,Calm,79
6/26/2019,40.3,29.7,35.7,68,91,0,HOT,Rainy,Windy,56
6/27/2019,46.1,26.2,34,69.4,98,6,HOT,Rainy,Windy,70
6/28/2019,40,26.9,34.2,79.7,98,12,HOT,DRY,Windy,74
6/29/2019,25.2,26.9,35.3,69.8,98,0,HOT,DRY,Calm,100
6/30/2019,26.3,28.8,36.6,66.5,98,0,HOT,DRY,Calm,103
7/1/2019,45,28.7,34.3,68.7,98,0,HOT,Rainy,Windy,70
7/2/2019,50.4,26.8,32.2,78.2,98,7.7,HOT,Rainy,Windy,64
7/3/2019,38.5,27.5,33.6,76,98,6.6,HOT,DRY,Windy,61
7/4/2019,30.2,28.2,35.8,68.4,98,0,HOT,DRY,Calm,97
7/5/2019,29.2,28.7,34.5,71.8,97.5,0,HOT,Rainy,Calm,67
7/6/2019,37.4,27.5,30.4,87.8,98,1.8,HOT,Rainy,Windy,61
7/7/2019,39.2,27.5,32.7,82.3,98,19.2,HOT,Rainy,Windy,91
7/8/2019,39.6,27.4,32.2,83.8,98,40.7,HOT,Rainy,Windy,92
7/9/2019,31.7,28,32.7,84.7,98,1.8,HOT,DRY,Calm,87
7/10/2019,38.5,28.8,32.9,81.4,95.8,0,HOT,Rainy,Windy,86
7/11/2019,44.3,26.2,33,82.8,98,5.4,HOT,DRY,Windy,77
7/12/2019,20.5,26.4,27.5,98,98,0,HOT,DRY,Calm,72
7/13/2019,31.3,26.3,34.6,75.8,98,,HOT,DRY,Calm,85
7/14/2019,27,25.5,27,98,98,,HOT,Rainy,Calm,96
7/15/2019,44.6,25.2,29.7,89,98,12.5,HOT,DRY,Windy,108
7/16/2019,43.2,25.6,34.7,79.4,98,0,HOT,DRY,Windy,149
7/17/2019,22.7,27.1,36.6,63.8,98,0,HOT,DRY,Calm,154
7/18/2019,20.9,29,35.7,71.9,98,0,HOT,DRY,Calm,157
7/19/2019,28.1,28.7,34.6,74.1,96.5,0,HOT,DRY,Calm,101
7/20/2019,29.9,28.5,35.8,62.3,97.3,0,HOT,DRY,Calm,77
7/21/2019,26.3,29.2,36.5,62.2,94.6,0,HOT,DRY,Calm,75
7/22/2019,29.5,29.4,35.6,67.3,92.3,0,HOT,DRY,Calm,64
7/23/2019,32.8,33.2,35.1,65.8,71.1,,HOT,DRY,Calm,62
7/24/2019,25.6,30.7,30.8,86.8,87.1,,HOT,DRY,Calm,63
7/25/2019,16.9,30.8,33.9,69.6,90.4,,HOT,DRY,Calm,136
7/26/2019,36,26.9,31,86.4,98,,HOT,DRY,Windy,92
7/27/2019,41.8,26.9,31.1,85.1,98,,HOT,DRY,Windy,50
7/28/2019,46.1,27.3,32.5,72.9,98,,HOT,DRY,Windy,44
7/29/2019,48.2,27.5,33.1,74.6,93.7,,HOT,DRY,Windy,62
7/30/2019,34.2,26.5,31.4,85.3,98,,HOT,DRY,Calm,98
7/31/2019,22,28.8,32.4,81.6,94,,HOT,DRY,Calm,121
8/2/2019,34.2,31.2,34.1,73,87.4,0,HOT,DRY,Calm,87
8/3/2019,32.8,27.9,33.9,77.2,98,0,HOT,DRY,Calm,68
8/4/2019,24.1,28.3,35.1,70.2,98,0,HOT,DRY,Calm,83
8/5/2019,25.2,29.1,37.3,58.6,98,0,HOT,DRY,Calm,79
8/6/2019,36.4,29.5,36.2,64.2,98,0,HOT,DRY,Windy,74
8/7/2019,74.9,27.2,33.9,68.1,98,0,HOT,DRY,Windy,41
8/8/2019,57.6,25.3,32,81.9,98,0,HOT,DRY,Windy,56
8/9/2019,29.5,26.5,35.7,67.2,98,0,HOT,DRY,Calm,90
8/10/2019,25.2,27.8,36.6,58,98,0,HOT,DRY,Calm,88
8/11/2019,16.2,30.6,35.1,64.2,91.1,0,HOT,DRY,Calm,93
8/12/2019,13.7,31.7,35.4,66.2,93.1,,HOT,DRY,Calm,49
8/13/2019,42.5,27.7,31.6,81.2,98,,HOT,DRY,Windy,22
8/14/2019,35.3,26.5,29,92.3,98,,HOT,DRY,Windy,49
8/15/2019,36.4,28.4,32.1,81,98,,HOT,DRY,Windy,70
8/16/2019,11.9,28.3,28.3,94.9,94.9,,HOT,DRY,Calm,82
8/19/2019,22,29.5,32.5,73.7,88.5,,HOT,DRY,Calm,88
8/20/2019,20.2,28.5,35.3,63.4,95.4,0,HOT,DRY,Calm,69
8/21/2019,20.5,28.4,36.5,58.8,97.6,0,HOT,DRY,Calm,107
8/22/2019,30.2,28.5,36.7,66.3,98,0,HOT,DRY,Calm,123
8/23/2019,31,27.9,33.7,73.5,98,0,HOT,DRY,Calm,93
8/24/2019,40,26.7,32.7,76.3,98,0,HOT,DRY,Windy,49
8/25/2019,28.1,26.6,35.1,64.9,98,0,HOT,DRY,Calm,73
8/26/2019,28.4,28.8,34.9,67.5,93.6,0,HOT,DRY,Calm,99
8/27/2019,27.4,34.1,35,68.5,72.9,,HOT,DRY,Calm,76
8/28/2019,27,29.9,32.9,74.7,83.6,,HOT,DRY,Calm,98
8/29/2019,31,33.2,36.1,60,73.5,0,HOT,DRY,Calm,85
8/30/2019,22,28.7,36.6,57.7,95.6,0,HOT,DRY,Calm,92
8/31/2019,19.8,28.5,34.1,71.2,98,0,HOT,DRY,Calm,96
9/1/2019,20.2,28.8,37.5,60.4,98,0,HOT,Rainy,Calm,111
9/2/2019,55.8,24.5,35.1,66.4,98,8.4,HOT,DRY,Windy,88
9/3/2019,40.7,27.4,34.7,68.8,98,0,HOT,DRY,Windy,52
9/4/2019,32.4,28.8,33.8,71.9,93.5,0,HOT,DRY,Calm,58
9/5/2019,38.5,28.1,34.2,68.7,95.3,0,HOT,DRY,Windy,79
9/6/2019,42.5,28.1,33.9,71.1,95.7,0,HOT,DRY,Windy,66
9/7/2019,40.7,28.1,31.7,74.2,97.7,0,HOT,DRY,Windy,62
9/8/2019,23.8,29.2,29.4,91.3,92.3,,HOT,DRY,Calm,82
9/9/2019,41.4,26.6,34.7,73.1,98,0,HOT,DRY,Windy,106
9/10/2019,49,27.3,34.7,70.1,98,0,HOT,DRY,Windy,103
9/11/2019,37.8,28.1,33.5,70.6,97.9,0,HOT,DRY,Windy,73
9/12/2019,38.5,27.3,31.8,80.8,98,0,HOT,DRY,Windy,72
9/13/2019,26.6,27.3,30.5,91.1,98,0,HOT,DRY,Calm,121
9/14/2019,25.9,27.7,34.5,68.7,98,0,HOT,DRY,Calm,102
9/15/2019,27.7,28.7,35.3,63.4,95.5,0,HOT,DRY,Calm,87
9/16/2019,57.2,27.7,34.6,69.3,97.8,0,HOT,DRY,Windy,94
9/17/2019,55.8,26.2,35.1,62.5,98,0,HOT,DRY,Windy,115
9/18/2019,23,27.9,36.1,56.9,98,0,HOT,DRY,Calm,125
9/19/2019,19.1,28.1,36.1,51,98,0,HOT,DRY,Calm,159
9/20/2019,44.3,26.1,36.8,55.9,98,0,HOT,DRY,Windy,134
9/21/2019,34.2,27.2,36.2,62.4,98,0,HOT,DRY,Calm,122
9/22/2019,14,28.4,31.2,77.7,93.2,0,HOT,DRY,Calm,122
9/23/2019,63,25.4,33.1,68.6,98,0,HOT,DRY,Windy,101
9/24/2019,56.5,25.2,32.5,74.7,98,0,HOT,DRY,Windy,78
9/25/2019,35.3,23.9,29.7,83.2,98,0,HOT,DRY,Windy,65
9/26/2019,17.6,24.8,31.7,64.4,98,0,HOT,DRY,Calm,98
9/27/2019,22.7,25.7,33,65.1,98,0,HOT,DRY,Calm,109
9/28/2019,16.6,26.5,30.1,74.9,97.2,0,HOT,DRY,Calm,107
9/29/2019,22,24.7,30.5,73.8,98,,HOT,DRY,Calm,85
9/30/2019,13.3,24.6,25.8,98,98,,HOT,DRY,Calm,109
10/1/2019,23,26.5,27.8,94.2,98,,HOT,DRY,Calm,94
10/2/2019,19.4,27,32.8,72.8,98,,HOT,DRY,Calm,101
10/3/2019,21.6,27.2,34.2,65.8,98,0,HOT,DRY,Calm,148
10/4/2019,23,26.4,35.1,64.3,98,0,HOT,DRY,Calm,124
10/5/2019,25.2,27.2,35.4,62.1,98,0,HOT,DRY,Calm,124
10/6/2019,27.4,27.4,33.3,71.1,98,0,HOT,DRY,Calm,154
10/7/2019,16.9,27,30.9,82.7,95.2,0,HOT,DRY,Calm,157
10/8/2019,36,26.3,33.4,68.3,98,0,HOT,DRY,Windy,118
10/9/2019,30.6,26.7,33.6,65.2,98,0,HOT,DRY,Calm,92
10/10/2019,26.3,25,32.1,72.7,98,0,HOT,DRY,Calm,92
10/11/2019,22.3,25,34,61.9,98,0,HOT,DRY,Calm,81
10/12/2019,19.4,25.7,34.3,55.5,98,0,HOT,DRY,Calm,117
10/13/2019,35.3,25.9,34,54.3,97.3,0,HOT,DRY,Windy,148
10/14/2019,18.4,25.7,32,64.1,90.8,0,HOT,DRY,Calm,154
10/15/2019,22.3,26.1,35.1,52.7,95.9,0,HOT,DRY,Calm,158
10/16/2019,45,24.7,32.4,67,98,0,HOT,DRY,Windy,122
10/17/2019,17.6,25.7,34.8,56.5,98,0,HOT,DRY,Calm,119
10/18/2019,22.3,27,35.3,55.5,97.1,0,HOT,DRY,Calm,128
10/19/2019,18.4,26.8,35.9,55.8,94.9,0,HOT,DRY,Calm,150
10/20/2019,20.9,26.5,35.3,49.2,91.9,0,HOT,DRY,Calm,159
10/21/2019,22.3,26.3,33.6,58.4,94.5,0,HOT,DRY,Calm,168
10/22/2019,18,27.1,33.7,58.9,90.4,0,HOT,DRY,Calm,172
10/23/2019,18.7,26.8,32.3,73.9,98,0,HOT,DRY,Calm,177
10/24/2019,36,22.3,28.1,88.3,98,0,HOT,DRY,Windy,113
10/25/2019,31,22.1,26.5,83.5,98,0,HOT,DRY,Calm,52
10/26/2019,26.3,23.7,27.8,90.6,98,0,HOT,DRY,Calm,#N/A
10/27/2019,22.7,22.9,29.9,70.7,98,0,HOT,DRY,Calm,135
10/28/2019,18.7,24.7,30.4,62.9,90.6,0,HOT,DRY,Calm,138
10/29/2019,19.1,22.3,32.2,60,98,0,HOT,DRY,Calm,159
10/30/2019,18,23.4,32.7,51.3,98,0,HOT,DRY,Calm,163
10/31/2019,18,23.2,32.1,52.3,98,0,HOT,DRY,Calm,149
11/1/2019,19.8,24,32.7,46.5,95.8,0,HOT,DRY,Calm,156
11/2/2019,16.6,23.9,33.2,45.6,98,0,HOT,DRY,Calm,144
11/3/2019,16.2,23.4,31.9,60.1,98,0,HOT,DRY,Calm,177
11/4/2019,21.2,23,32.4,57,98,0,HOT,DRY,Calm,159
11/5/2019,16.6,26.6,32.9,56.2,87.2,0,HOT,DRY,Calm,157
11/6/2019,20.5,23.8,31.9,55,98,0,HOT,DRY,Calm,190
11/7/2019,22.7,21.1,31.8,53,97.9,0,COLD,DRY,Calm,168
11/8/2019,18,24,29.7,74.3,95.1,0,HOT,DRY,Calm,133
11/9/2019,29.9,24.1,27,91.8,98,0,HOT,DRY,Calm,76
11/10/2019,48.2,23.7,25.9,72.8,98,0,HOT,DRY,Windy,56
11/11/2019,33.5,23.3,31.7,67.8,98,0,HOT,DRY,Calm,97
11/12/2019,21.6,21.9,31.4,60.1,98,0,COLD,DRY,Calm,152
11/13/2019,19.4,22.1,32.4,53.7,98,0,HOT,DRY,Calm,146
11/14/2019,16.6,21.8,32.7,52.2,98,0,COLD,DRY,Calm,138
11/15/2019,19.1,21.5,32.9,45.7,98,0,COLD,DRY,Calm,156
11/16/2019,22,21.3,32,50,98,0,COLD,DRY,Calm,176
11/17/2019,17.3,21.3,31.4,52.1,98,0,COLD,DRY,Calm,189
11/18/2019,13.7,20.6,31,51.3,98,0,COLD,DRY,Calm,189
11/19/2019,7.2,22.8,27.1,69.4,88.9,0,HOT,DRY,Calm,222
11/20/2019,16.2,19.2,30.2,40.6,92.8,0,COLD,DRY,Calm,185
11/21/2019,17.3,19.6,30.7,51.3,94.3,0,COLD,DRY,Calm,171
11/22/2019,16.9,19.2,29.9,60.2,98,0,COLD,DRY,Calm,190
11/23/2019,22.3,20,29.8,56.8,98,0,COLD,DRY,Calm,183
11/24/2019,19.8,20.1,30.5,56.3,97.5,0,COLD,DRY,Calm,197
11/25/2019,18,20,30.6,59.2,98,0,COLD,DRY,Calm,174
11/26/2019,18.7,20.2,30.7,52.1,98,0,COLD,DRY,Calm,163
11/27/2019,16.9,19.7,31.2,54.7,98,0,COLD,DRY,Calm,147
11/28/2019,15.5,19.5,31.9,49.5,98,0,COLD,DRY,Calm,155
11/29/2019,16.2,19.5,31.9,57.3,98,0,COLD,DRY,Calm,175
11/30/2019,17.6,19,31.3,51,98,0,COLD,DRY,Calm,190
12/1/2019,21.6,19.7,30,46.9,97.5,0,COLD,DRY,Calm,193
12/2/2019,22.7,17.4,29.2,43.4,98,0,COLD,DRY,Calm,185
12/3/2019,23.4,16.2,28.1,50.2,98,0,COLD,DRY,Calm,192
12/4/2019,23,17.5,28.7,42,97.1,0,COLD,DRY,Calm,181
12/5/2019,28.4,16.7,31.6,37.6,98,0,COLD,DRY,Calm,156
12/6/2019,17.3,19.2,30.7,46.1,93.5,0,COLD,DRY,Calm,142
12/7/2019,19.4,17.9,30.5,31.4,92.2,,COLD,DRY,Calm,152
12/8/2019,11.2,20.1,25.1,56.3,90.2,,COLD,DRY,Calm,173
12/9/2019,10.8,23.7,26.7,60.7,71.2,0,HOT,DRY,Calm,209
12/10/2019,20.2,17.5,28.7,43.1,97.3,0,COLD,DRY,Calm,189
12/11/2019,21.6,16.7,27.5,48,92.5,0,COLD,DRY,Calm,204
12/12/2019,21.2,16.5,27.1,50.9,94.3,0,COLD,DRY,Calm,215
12/13/2019,11.5,17.4,27.9,45.1,93.7,0,COLD,DRY,Calm,249
12/14/2019,20.2,23.9,28.6,50,62.9,0,HOT,DRY,Calm,202
12/15/2019,22,17.5,28.9,49.4,98,0,COLD,DRY,Calm,196
12/16/2019,19.1,18,27.2,54.9,95.6,0,COLD,DRY,Calm,187
12/17/2019,24.1,17.1,26.7,58.4,96.9,0,COLD,DRY,Calm,186
12/18/2019,25.6,17.1,21,79.7,92.7,0,COLD,DRY,Calm,200
12/19/2019,25.9,14.1,17.4,86.9,98,0,COLD,DRY,Calm,213
12/20/2019,17.6,15,18.1,80.7,98,0,COLD,DRY,Calm,215
12/22/2019,20.2,16.1,18,82.9,91.3,0,COLD,DRY,Calm,186
12/23/2019,19.4,14.4,23.1,68.7,98,0,COLD,DRY,Calm,197
12/24/2019,20.9,13.2,22.9,71.5,98,0,COLD,DRY,Calm,266
12/25/2019,16.6,12.5,22.6,73.4,98,0,COLD,DRY,Calm,236
12/26/2019,15.5,12.2,24.3,56.7,98,0,COLD,DRY,Calm,321
12/27/2019,23.4,15.8,19.8,76.9,98,0,COLD,DRY,Calm,274
12/28/2019,27,14.2,21.8,71.9,98,0,COLD,DRY,Calm,220
12/29/2019,24.8,12.3,26.4,44.9,98,0,COLD,DRY,Calm,221
12/30/2019,18.4,12.9,27.5,42.3,97.7,0,COLD,DRY,Calm,#N/A
12/31/2019,27.4,14,28.1,47.2,96.8,0,COLD,#REF!,Calm,#N/A
1/1/2020,13.3,15,25,56,97.8,0,COLD,DRY,Calm,262
1/2/2020,20.5,16.3,29.5,48.6,97.4,0,COLD,DRY,Calm,216
1/3/2020,33.8,17.3,25.4,65.1,98,0,COLD,DRY,Calm,126
1/4/2020,25.9,18,25.1,64.2,98,0,COLD,DRY,Calm,137
1/5/2020,18.7,17.3,23.8,72.4,98,0,COLD,DRY,Calm,178
1/6/2020,24.1,14,23.1,53.7,98,0,COLD,DRY,Calm,192
1/7/2020,22.3,11.7,19,80.6,98,0,COLD,DRY,Calm,232
1/8/2020,15.8,13.6,23,63.9,98,0,COLD,DRY,Calm,192
1/9/2020,23.4,16.1,23.5,64.8,98,0,COLD,DRY,Calm,221
1/10/2020,25.2,15.4,25.1,60.1,98,0,COLD,DRY,Calm,201
1/11/2020,23,14.7,21.1,78.9,98,0,COLD,DRY,Calm,226
1/12/2020,23.4,14.4,18.6,86.1,98,0,COLD,DRY,Calm,251
1/13/2020,18,11.6,24.5,64.4,98,0,COLD,DRY,Calm,274
1/14/2020,19.8,11.6,25.3,66.4,98,0,COLD,DRY,Calm,296
1/15/2020,16.2,14.5,26.8,54.8,98,0,COLD,DRY,Calm,310
1/16/2020,15.8,14.1,28.2,46.4,98,0,COLD,DRY,Calm,264
1/17/2020,18.4,15,29.8,40.4,98,0,COLD,DRY,Calm,194
1/18/2020,20.5,15.8,30.4,39.1,98,0,COLD,DRY,Calm,230
1/19/2020,31.3,16.7,29,48,98,0,COLD,DRY,Calm,248
1/20/2020,24.8,16.9,23.8,56.3,98,0,COLD,DRY,Calm,195
1/21/2020,21.6,13.2,24.2,43.7,96,0,COLD,DRY,Calm,217
1/22/2020,22.3,11.5,25.1,44.2,98,0,COLD,DRY,Calm,232
1/23/2020,19.4,14.5,25,43.8,93.1,0,COLD,DRY,Calm,248
1/24/2020,25.2,12.5,25.2,37.6,98,0,COLD,DRY,Calm,259
1/25/2020,20.2,12.4,24.9,37.8,95.4,0,COLD,DRY,Calm,213
1/26/2020,27,13,24.4,44.2,97.5,0,COLD,DRY,Calm,229
1/27/2020,20.9,12.5,23.6,54.8,97.7,0,COLD,DRY,Calm,265
1/28/2020,11.2,12.4,25.2,51.4,98,0,COLD,DRY,Calm,318
1/29/2020,13.3,19.1,23.6,64,96.5,0,COLD,DRY,Calm,308
1/30/2020,16.9,16.5,26.1,61.3,98,0,COLD,DRY,Calm,319
1/31/2020,23.8,18.7,25.4,57,97.6,0,COLD,DRY,Calm,260
2/1/2020,24.5,14.1,26.1,44.1,92.7,0,COLD,DRY,Calm,197
2/2/2020,25.2,14.1,24.7,35.8,88.7,0,COLD,DRY,Calm,181
2/3/2020,22.3,12.2,24.9,33,94,0,COLD,DRY,Calm,208
2/4/2020,23.4,13,26.1,34.8,89.8,0,COLD,DRY,Calm,200
2/5/2020,22,15,26.8,34.8,86,0,COLD,DRY,Calm,197
2/6/2020,24.5,13.3,26.9,30.4,93,0,COLD,DRY,Calm,210
2/7/2020,22,15.1,26.4,35.3,77.7,0,COLD,DRY,Calm,203
2/8/2020,20.9,17.3,22,57.1,73.9,0,COLD,DRY,Calm,208
2/9/2020,23.8,23.2,28.3,35.5,61.7,0,HOT,DRY,Calm,214
2/10/2020,29.5,15,27.1,35.6,81.3,0,COLD,DRY,Calm,182
2/11/2020,28.4,14.2,27.8,41.3,87,0,COLD,DRY,Calm,191
2/12/2020,26.6,14.6,27.9,33.8,87,0,COLD,DRY,Calm,198
2/13/2020,24.5,13.5,27.1,32.5,91.9,0,COLD,DRY,Calm,210
2/14/2020,20.9,14.5,27.9,38.5,96.4,0,COLD,DRY,Calm,305
2/15/2020,24.5,18.1,29.6,47.4,98,0,COLD,DRY,Calm,221
2/16/2020,20.9,17.1,29.5,43.1,98,0,COLD,DRY,Calm,241
2/17/2020,30.6,15.8,30.5,35.1,97.2,0,COLD,DRY,Calm,251
2/18/2020,30.6,16.1,29.7,43.5,97.4,0,COLD,DRY,Calm,259
2/19/2020,23.8,16.5,30.7,26.5,98,0,COLD,DRY,Calm,269
2/20/2020,17.6,18.2,30.8,43.4,92.5,0,COLD,DRY,Calm,316
2/21/2020,24.8,17,31.6,37.7,97.9,0,COLD,DRY,Calm,243
2/22/2020,17.6,17.1,32.5,26.4,95,0,COLD,DRY,Calm,198
2/23/2020,18,19.3,32.5,33.5,94.5,0,COLD,DRY,Calm,225
2/24/2020,23.8,18.9,29.6,49.8,95.7,0,COLD,DRY,Calm,246
2/25/2020,32,19.4,24.8,68.6,97.9,0,COLD,DRY,Calm,220
2/26/2020,30.6,17.2,28,52.9,98,0,COLD,DRY,Calm,181
2/27/2020,18.7,16.4,27.9,55.3,98,0,COLD,DRY,Calm,192
2/28/2020,17.6,17,31.3,26.3,98,0,COLD,DRY,Calm,169
2/29/2020,23,18,32.2,25.3,88.6,0,COLD,DRY,Calm,196
3/1/2020,21.6,18.6,32.5,34.7,94,0,COLD,DRY,Calm,187
3/2/2020,24.5,19.7,31.9,43.9,88,0,COLD,DRY,Calm,205
3/3/2020,29.5,19,30.9,38.8,94.9,0,COLD,DRY,Calm,228
3/4/2020,38.9,18.2,31.7,41.6,98,0,COLD,DRY,Windy,171
3/5/2020,38.5,19.5,31.2,48.2,95.1,0,COLD,DRY,Windy,155
3/6/2020,27,21.1,31.2,47.7,94.5,0,COLD,DRY,Calm,167
3/7/2020,25.9,20.5,29.4,45.6,98,0,COLD,DRY,Calm,161
3/8/2020,21.6,19.9,30.9,56.7,98,0,COLD,DRY,Calm,228
3/9/2020,28.1,18.2,30.9,38.4,95.4,0,COLD,DRY,Calm,164
3/10/2020,25.6,16.8,31.4,28.5,89,0,COLD,DRY,Calm,171
3/11/2020,30.2,18.6,32.7,33.6,82.6,0,COLD,DRY,Calm,189
3/12/2020,19.8,20.9,33.8,39.7,87.9,0,COLD,DRY,Calm,194
3/13/2020,25.9,23,34.9,35.9,91.9,0,HOT,DRY,Calm,182
3/14/2020,41.4,21.5,32.8,47.9,80.4,0,COLD,DRY,Windy,164
3/15/2020,33.8,20,33.9,37.7,93.9,0,COLD,DRY,Calm,143
3/16/2020,23,20.4,33.5,26.8,93.7,0,COLD,DRY,Calm,160
3/17/2020,24.5,22.7,32.8,35.9,78.8,0,HOT,DRY,Calm,161
3/18/2020,23.8,21.9,33.1,40.3,73.3,0,COLD,DRY,Calm,167
3/19/2020,28.1,20.1,33.5,30,84.1,0,COLD,DRY,Calm,169
3/20/2020,30.2,22.5,34.5,39.2,83.9,0,HOT,DRY,Calm,220
3/21/2020,54.4,24.5,34.4,28.4,72.5,0,HOT,DRY,Windy,205
3/22/2020,41.4,21.1,32.1,38.2,86.3,0,COLD,DRY,Windy,121
3/23/2020,25.9,20.1,32,40.5,92.4,0,COLD,DRY,Calm,156
3/24/2020,19.8,20.8,33.3,35.7,94.2,0,COLD,DRY,Calm,200
3/25/2020,24.8,21.1,34.3,31.9,96.4,0,COLD,DRY,Calm,205
3/26/2020,21.2,22.5,35.9,37.5,91.3,0,HOT,DRY,Calm,202
3/27/2020,29.2,23.8,38.1,26.6,91.7,0,HOT,DRY,Calm,168
3/28/2020,33.1,24,36.9,33.2,88.8,0,HOT,DRY,Calm,152
3/29/2020,31.7,23.2,36.6,21.5,93,0,HOT,DRY,Calm,120
3/30/2020,30.2,22.8,35.9,22.2,73.1,0,HOT,DRY,Calm,121
3/31/2020,23.4,22.3,37.4,19.3,74.9,0,HOT,DRY,Calm,158
4/1/2020,28.1,22.3,37.9,24.5,78.3,0,HOT,DRY,Calm,182
4/2/2020,78.1,20.2,38.1,40.1,98,0,COLD,DRY,Windy,151
4/3/2020,34.6,22.4,35.1,55.4,98,0,HOT,DRY,Calm,156
4/4/2020,24.5,23.7,36.3,41.7,95,0,HOT,DRY,Calm,143
4/5/2020,36.4,23.8,36.2,53.5,95,0,HOT,DRY,Windy,167
4/6/2020,28.4,22.5,38.1,18.7,97.6,0,HOT,DRY,Calm,171
4/7/2020,33.1,25.9,39.2,23.2,90.4,0,HOT,DRY,Calm,132
4/8/2020,29.9,26.7,33.4,61.6,93.2,0,HOT,DRY,Calm,125
4/9/2020,22.3,24.7,36.6,39.2,98,0,HOT,DRY,Calm,138
4/10/2020,27.4,23.1,37.4,31.3,91.7,0,HOT,DRY,Calm,123
4/11/2020,79.2,21.8,38.6,25.2,96.1,0,COLD,DRY,Windy,85
4/12/2020,45.4,20.5,32.3,51.7,97.7,0,COLD,DRY,Windy,95
4/13/2020,25.6,22.7,36,48.1,93.4,0,HOT,DRY,Calm,158
4/14/2020,24.8,26.4,37,47.3,96.3,0,HOT,DRY,Calm,147
4/15/2020,69.1,23.3,33.7,63.1,95.4,0,HOT,DRY,Windy,96
4/16/2020,62.3,21.1,35.5,46.6,97.7,0,COLD,DRY,Windy,107
4/17/2020,36.7,25.1,33.4,60.3,97.7,0,HOT,DRY,Windy,93
4/18/2020,31.3,24.4,35.8,60,97.8,0,HOT,DRY,Calm,98
4/19/2020,38.5,22.1,35.9,45,96.1,0,HOT,DRY,Windy,89
4/20/2020,60.5,21.9,32.7,69.6,96.8,0,COLD,DRY,Windy,96
4/21/2020,34.6,23.9,27.6,71.8,96.2,0,HOT,DRY,Calm,133
4/22/2020,16.9,24,34.2,48.5,96.7,,HOT,DRY,Calm,120
4/23/2020,4,24.7,24.8,93.3,93.7,,HOT,DRY,Calm,104
4/24/2020,37.4,21.3,31,74.2,98,,COLD,DRY,Windy,110
4/25/2020,36,21.8,32.3,65.8,98,0,COLD,DRY,Windy,95
4/26/2020,46.4,22.2,32.2,66.4,98,0,HOT,DRY,Windy,81
4/27/2020,34.6,22.4,33,55.5,98,0,HOT,DRY,Calm,104
4/28/2020,38.9,23.1,31.4,69.6,98,0,HOT,DRY,Windy,124
4/29/2020,24.1,23,32.7,63.6,98,0,HOT,DRY,Calm,107
4/30/2020,42.5,24,32.7,66.3,98,0,HOT,DRY,Windy,106
5/1/2020,23,23.4,29.7,75.7,98,0,HOT,Rainy,Calm,130
5/2/2020,58.7,21,32.1,72.1,98,15,COLD,DRY,Windy,110
5/3/2020,31.3,23.2,34.2,57.2,98,0,HOT,DRY,Calm,95
5/4/2020,19.4,24.4,35.2,56.5,98,0,HOT,DRY,Calm,142
5/5/2020,57.6,27,36.1,58,98,0,HOT,DRY,Windy,85
5/6/2020,45.4,22.9,32.4,65.8,98,0,HOT,DRY,Windy,90
5/7/2020,16.2,24,29.6,76.8,98,0,HOT,DRY,Calm,150
5/8/2020,12.6,27.7,31.1,67.3,84.5,,HOT,DRY,Calm,132
5/9/2020,14.8,29.1,29.6,85,89.7,,HOT,#REF!,Calm,147
1/20/2022,12.2,12.4,23.6,,,0,COLD,DRY,Calm,241
1/21/2022,8.3,11.1,26.5,,,0,COLD,DRY,Calm,281
1/22/2022,6.8,13.4,22.6,,,0,COLD,DRY,Calm,286
1/23/2022,10.8,13.6,23.6,,,0.6,COLD,Rainy,Calm,290
1/24/2022,25.2,15.4,21.7,,,5.4,COLD,DRY,Calm,188
1/25/2022,10.1,14.6,27.2,,,0,COLD,DRY,Calm,311
1/26/2022,16.2,15.6,27.7,,,0,COLD,Rainy,Calm,229
1/27/2022,20.2,12.3,24,,,4.4,COLD,DRY,Calm,198
1/28/2022,16.6,9.7,22.7,,,0,COLD,DRY,Calm,189
1/29/2022,23,9.1,21.8,,,0,COLD,DRY,Calm,229
1/30/2022,19.4,9.1,23.1,,,0,COLD,DRY,Calm,242
1/31/2022,13.3,9.9,25.9,,,0,COLD,DRY,Calm,365
2/1/2022,24.1,12,27.8,,,0,COLD,DRY,Calm,235
2/2/2022,10.1,12.4,29.1,,,0,COLD,DRY,Calm,264
2/3/2022,15.1,16.5,28.4,,,0,COLD,Rainy,Calm,219
2/4/2022,32.4,15.5,26.8,,,50.8,COLD,DRY,Calm,179
2/5/2022,24.8,12.1,24.8,,,0,COLD,DRY,Calm,156
2/6/2022,18,9.9,23.5,,,0,COLD,DRY,Calm,181
2/7/2022,16.2,10.5,24.4,,,0,COLD,DRY,Calm,178
2/8/2022,10.8,11.3,26.5,,,0,COLD,DRY,Calm,246
2/9/2022,11.5,12.9,27.6,,,0,COLD,DRY,Calm,259
2/10/2022,8.6,15.1,23.3,,,0,COLD,DRY,Calm,260
2/11/2022,18.4,13.6,25.9,,,0,COLD,DRY,Calm,215
2/12/2022,25.6,11.4,25.2,,,0,COLD,DRY,Calm,192
2/13/2022,24.1,11,26.8,,,0,COLD,DRY,Calm,204
2/14/2022,19.1,11.8,27.7,,,0,COLD,DRY,Calm,199
2/15/2022,22.3,11.9,27.9,,,0,COLD,DRY,Calm,210
2/16/2022,20.2,10.6,27.9,,,0,COLD,DRY,Calm,206
2/17/2022,22.7,11.8,28.4,,,0,COLD,DRY,Calm,233
2/18/2022,23,11.6,28.4,,,0,COLD,DRY,Calm,205
2/19/2022,20.9,10.9,28.6,,,0,COLD,Rainy,Calm,200
2/20/2022,38.5,12.7,29,,,3.8,COLD,DRY,Windy,205
2/21/2022,19.4,15.5,29.7,,,0,COLD,DRY,Calm,186
2/22/2022,17.3,15.8,29.5,,,0,COLD,DRY,Calm,179
5/21/2022,30.2,24.4,30.3,,,0.2,HOT,DRY,Calm,139
5/22/2022,19.8,23.5,36.1,,,0,HOT,DRY,Calm,155
5/23/2022,23.4,24.6,37.5,,,0,HOT,DRY,Calm,148
5/24/2022,21.6,25.4,38.6,,,0,HOT,Rainy,Calm,161
5/25/2022,65.5,21.5,35.7,,,29.8,COLD,Rainy,Windy,167
5/26/2022,38.2,23.7,37.3,,,17.2,HOT,Rainy,Windy,163
5/27/2022,46.8,22.9,34.8,,,17.6,HOT,DRY,Windy,164
5/28/2022,32.8,24.7,38.1,,,0.4,HOT,DRY,Calm,167
5/29/2022,42.8,23.6,30.7,,,0.4,HOT,DRY,Windy,173
5/30/2022,15.8,26.3,35.9,,,0,HOT,Rainy,Calm,166
5/31/2022,29.2,25.7,37.3,,,11.4,HOT,DRY,Calm,160
6/1/2022,22.7,26.8,33.4,,,0.2,HOT,DRY,Calm,164
6/2/2022,45.7,26.6,36.2,,,0,HOT,DRY,Windy,155
6/3/2022,22,27.1,35.4,,,0,HOT,DRY,Calm,148
6/4/2022,23,26.6,37.8,,,0,HOT,DRY,Calm,133
6/5/2022,27,28.3,36.1,,,0,HOT,Rainy,Calm,148
6/6/2022,65.2,21.8,37,,,19.4,COLD,DRY,Windy,145
6/7/2022,21.2,27.4,37,,,0,HOT,DRY,Calm,154
6/8/2022,21.2,28,37.1,,,0,HOT,Rainy,Calm,160
6/9/2022,54.4,21.1,35.3,,,38.4,COLD,DRY,Windy,149
6/10/2022,26.3,24.6,37.1,,,0,HOT,DRY,Calm,159
6/11/2022,26.6,27.3,36.9,,,0,HOT,DRY,Calm,161
6/12/2022,33.5,28,36.2,,,0,HOT,DRY,Calm,149
6/13/2022,32.8,28.6,36.3,,,0,HOT,DRY,Calm,137
6/14/2022,33.5,29,34,,,0,HOT,Rainy,Calm,144
6/15/2022,31.3,25.5,35.8,,,24.4,HOT,Rainy,Calm,126
6/16/2022,26.6,26.1,33.9,,,3.6,HOT,Rainy,Calm,140
6/17/2022,47.5,24,33,,,2.2,HOT,Rainy,Windy,113
6/18/2022,43.6,24.6,32.2,,,2,HOT,Rainy,Windy,102
6/19/2022,47.5,24.5,32.3,,,1.4,HOT,Rainy,Windy,128
6/20/2022,29.5,24.1,33.6,,,51.8,HOT,DRY,Calm,116
6/21/2022,20.2,25.8,35.2,,,0,HOT,DRY,Calm,136
6/22/2022,20.2,26.1,34.1,,,0,HOT,DRY,Calm,128
6/23/2022,24.1,25.8,36.1,,,0,HOT,DRY,Calm,135
6/24/2022,25.2,26.2,36.8,,,0,HOT,Rainy,Calm,120
6/25/2022,23,26.3,35.3,,,3.2,HOT,DRY,Calm,113
6/26/2022,20.9,26.5,35.4,,,0,HOT,Rainy,Calm,115
6/27/2022,28.8,26.1,41.1,,,1,HOT,Rainy,Calm,91
6/28/2022,22.7,26.3,38.6,,,5,HOT,Rainy,Calm,92
6/29/2022,20.9,26.8,35.3,,,1.4,HOT,Rainy,Calm,122
6/30/2022,28.4,25.4,35.3,,,31.4,HOT,DRY,Calm,146
7/1/2022,22,26.9,37.6,,,0.4,HOT,DRY,Calm,119
7/2/2022,22.3,26.6,38.2,,,0,HOT,Rainy,Calm,108
7/3/2022,24.8,26.6,38.1,,,15.2,HOT,DRY,Calm,114
7/4/2022,16.6,26.7,39.6,,,0,HOT,DRY,Calm,133
7/5/2022,20.5,26.3,38.7,,,0,HOT,DRY,Calm,140
7/6/2022,20.9,26.6,34.6,,,0.6,HOT,DRY,Calm,102
7/7/2022,17.6,26.7,40.2,,,0.4,HOT,DRY,Calm,123
7/8/2022,18.7,26.6,39.3,,,0,HOT,Rainy,Calm,105
7/9/2022,25.6,26.6,39.1,,,6.2,HOT,Rainy,Calm,96
7/10/2022,23,27.1,37.4,,,4.2,HOT,Rainy,Calm,77
7/11/2022,25.9,26.2,37.6,,,1.4,HOT,DRY,Calm,80
7/12/2022,26.3,27,38.7,,,0.8,HOT,DRY,Calm,85
7/13/2022,33.5,27.5,38.5,,,0.4,HOT,DRY,Calm,84
7/14/2022,33.5,27.4,40,,,0,HOT,Rainy,Calm,89
7/15/2022,28.4,27.1,39.7,,,1.8,HOT,DRY,Calm,95
7/16/2022,24.1,27.1,39.6,,,0.8,HOT,DRY,Calm,74
7/17/2022,27.4,26.9,37.2,,,0.6,HOT,Rainy,Calm,#N/A
7/18/2022,24.5,25.8,38.8,,,22.4,HOT,DRY,Calm,106
7/19/2022,26.6,27.1,36.9,,,0,HOT,DRY,Calm,100
7/20/2022,28.1,27.4,38.7,,,0,HOT,DRY,Calm,128
7/21/2022,21.6,27.1,38.4,,,0,HOT,DRY,Calm,132
7/22/2022,19.8,27.2,39.1,,,0,HOT,DRY,Calm,115
7/23/2022,25.6,26.7,36,,,0,HOT,DRY,Calm,117
7/24/2022,20.5,26.2,34.5,,,0,HOT,DRY,Calm,111
7/25/2022,22.7,24.8,34.8,,,0,HOT,DRY,Calm,#N/A
7/26/2022,19.8,25.6,37.1,,,0,HOT,DRY,Calm,#N/A
7/27/2022,18.4,25.3,40.6,,,0,HOT,DRY,Calm,#N/A
7/28/2022,28.1,26.4,39.9,,,0,HOT,DRY,Calm,#N/A
7/29/2022,15.1,26.2,41.1,,,0,HOT,DRY,Calm,#N/A
7/30/2022,30.2,25.2,40.3,,,0,HOT,DRY,Calm,#N/A
7/31/2022,24.5,26.7,38.6,,,0,HOT,DRY,Calm,#N/A
8/1/2022,21.6,26.8,38.3,,,0,HOT,DRY,Calm,#N/A
8/2/2022,24.1,26.8,39.9,,,0,HOT,DRY,Calm,186
8/3/2022,15.8,27.2,37.5,,,0,HOT,DRY,Calm,149
8/4/2022,19.4,26.5,39.5,,,0,HOT,DRY,Calm,125
8/5/2022,27.4,26.5,40.1,,,0,HOT,DRY,Calm,118
8/6/2022,21.6,27.1,39.5,,,0,HOT,DRY,Calm,94
8/7/2022,22,26.5,39.6,,,0,HOT,DRY,Calm,80
8/8/2022,28.1,26.3,37.4,,,0,HOT,DRY,Calm,69
8/9/2022,42.8,25.6,36.1,,,0,HOT,DRY,Windy,64
8/10/2022,31.7,25.6,34.8,,,0,HOT,DRY,Calm,67
8/11/2022,24.1,25.6,33.7,,,0,HOT,DRY,Calm,71
8/12/2022,12.6,25.8,38.2,,,0,HOT,DRY,Calm,91
8/13/2022,25.6,26.6,35.7,,,0,HOT,DRY,Calm,90
8/14/2022,44.6,25,29.3,,,0,HOT,DRY,Windy,67
8/15/2022,19.4,26.6,34.5,,,0,HOT,DRY,Calm,103
8/16/2022,18,26,40.2,,,0,HOT,DRY,Calm,104
8/17/2022,14.8,27.1,39.7,,,0,HOT,DRY,Calm,145
8/18/2022,38.9,24.8,39.6,,,0,HOT,DRY,Windy,127
8/19/2022,29.2,25.7,31.4,,,0,HOT,DRY,Calm,78
8/20/2022,30.2,26.9,36.4,,,0,HOT,DRY,Calm,86
8/21/2022,20.9,26.6,38.6,,,0,HOT,DRY,Calm,112
8/22/2022,11.9,26.3,40.1,,,0,HOT,DRY,Calm,123
8/23/2022,15.8,25.5,36.9,,,0,HOT,DRY,Calm,120
8/24/2022,19.8,25.7,36.9,,,0,HOT,DRY,Calm,88
8/25/2022,13.7,25.1,38.5,,,0,HOT,DRY,Calm,128
8/26/2022,14.8,25.8,39.1,,,0,HOT,DRY,Calm,111
8/27/2022,25.9,26.1,37.6,,,0,HOT,DRY,Calm,118
8/28/2022,25.9,26.8,37.9,,,0,HOT,DRY,Calm,101
8/29/2022,14.4,26.1,40.6,,,0,HOT,DRY,Calm,97
8/30/2022,19.1,26,40.7,,,0,HOT,DRY,Calm,98
8/31/2022,19.4,26.2,39.8,,,0,HOT,DRY,Calm,94
9/1/2022,19.4,27.1,41,,,0,HOT,DRY,Calm,83
9/2/2022,21.2,26.9,40.2,,,0,HOT,DRY,Calm,86
9/3/2022,23,27.5,38.5,,,0,HOT,DRY,Calm,101
9/4/2022,27.4,26.3,38.3,,,0,HOT,DRY,Calm,125
9/5/2022,20.5,26.3,36.9,,,0,HOT,DRY,Calm,112
9/6/2022,18.7,26.7,38.9,,,0,HOT,DRY,Calm,118
9/7/2022,28.4,26.9,40.4,,,0,HOT,DRY,Calm,99
9/8/2022,20.5,26.6,40.2,,,0,HOT,DRY,Calm,158
9/9/2022,26.6,26.3,39.3,,,0,HOT,DRY,Calm,114
9/10/2022,36.7,25.5,39,,,0,HOT,DRY,Windy,116
9/11/2022,29.2,25.5,33.6,,,0,HOT,DRY,Calm,67
9/12/2022,22,24.8,30.2,,,0,HOT,DRY,Calm,87
9/13/2022,28.1,24.2,30.1,,,0,HOT,DRY,Calm,100
9/14/2022,27.4,25.2,30.3,,,0,HOT,DRY,Calm,97
9/15/2022,24.5,25.1,35.2,,,0,HOT,DRY,Calm,104
9/16/2022,18.4,24.8,37.7,,,0,HOT,DRY,Calm,119
9/17/2022,13.7,26,38.3,,,0,HOT,DRY,Calm,152
9/18/2022,15.8,25.9,35.9,,,0,HOT,DRY,Calm,168
9/19/2022,21.6,25.9,37.3,,,0,HOT,DRY,Calm,109
9/20/2022,28.1,26.5,35.9,,,0,HOT,DRY,Calm,75
9/21/2022,24.8,26.7,36.8,,,0,HOT,DRY,Calm,111
9/22/2022,28.4,26.6,38.7,,,0,HOT,DRY,Calm,122
9/23/2022,18,26.2,38.1,,,0,HOT,DRY,Calm,111
9/24/2022,12.2,26.1,37.7,,,0,HOT,DRY,Calm,125
9/25/2022,12.2,25.7,38.3,,,0,HOT,DRY,Calm,132
9/26/2022,16.6,26.3,38.4,,,0,HOT,DRY,Calm,143
9/27/2022,11.5,26,35.2,,,0,HOT,DRY,Calm,159
9/28/2022,11.5,26.3,39.5,,,0,HOT,DRY,Calm,184
9/29/2022,18.7,26.5,36.8,,,0,HOT,DRY,Calm,170
9/30/2022,13,26.2,40.5,,,0,HOT,DRY,Calm,156
10/1/2022,12.2,27,38.4,,,0,HOT,DRY,Calm,157
10/2/2022,25.6,25.7,37.1,,,0,HOT,DRY,Calm,117
10/3/2022,24.8,25.5,31,,,0,HOT,DRY,Calm,107
10/4/2022,35.6,24.3,36,,,0,HOT,DRY,Windy,97
10/5/2022,14.8,25.8,37.6,,,0,HOT,DRY,Calm,88
10/6/2022,31.3,25.3,37.5,,,0,HOT,DRY,Calm,115
10/7/2022,12.2,25.2,39.4,,,0,HOT,DRY,Calm,175
10/8/2022,13.3,25.8,39,,,0,HOT,DRY,Calm,137
10/9/2022,12.6,26.1,39,,,0,HOT,DRY,Calm,106
10/10/2022,14.8,25.8,38.4,,,0,HOT,DRY,Calm,82
10/11/2022,19.1,26.1,36.9,,,0,HOT,DRY,Calm,71
10/12/2022,23.8,25.3,36.7,,,0,HOT,DRY,Calm,88
10/13/2022,14,25.3,37.6,,,0,HOT,DRY,Calm,125
10/14/2022,13.3,25.4,37.5,,,0,HOT,DRY,Calm,158
10/15/2022,19.8,24.8,36.9,,,0,HOT,DRY,Calm,133
10/16/2022,19.8,23.8,35.8,,,0,HOT,DRY,Calm,153
10/17/2022,17.6,22.5,36.3,,,0,HOT,DRY,Calm,162
10/18/2022,15.1,24.8,36.8,,,0,HOT,DRY,Calm,158
10/19/2022,19.8,24.3,35.4,,,0,HOT,DRY,Calm,143
10/20/2022,22.3,23.9,36.1,,,0,HOT,DRY,Calm,153
10/21/2022,21.2,22.2,35.8,,,0,HOT,DRY,Calm,134
10/22/2022,16.2,23.6,37.2,,,0,HOT,DRY,Calm,128
10/23/2022,10.4,24.5,29.2,,,0,HOT,DRY,Calm,162
10/24/2022,74.9,21.3,24.6,,,0,COLD,DRY,Windy,79
10/25/2022,24.8,21,33.3,,,0,COLD,DRY,Calm,85
10/26/2022,9,20.8,34.9,,,0,COLD,DRY,Calm,159
10/27/2022,19.1,22,34.1,,,0,HOT,DRY,Calm,163
10/28/2022,18.7,21.2,33.9,,,0,COLD,DRY,Calm,171
10/29/2022,14,20.6,33.7,,,0,COLD,DRY,Calm,162
10/30/2022,13.3,19.3,35.6,,,0,COLD,DRY,Calm,159
10/31/2022,14.4,20.8,35.9,,,0,COLD,DRY,Calm,168
11/1/2022,18,22.1,35.1,,,0,HOT,DRY,Calm,157
11/2/2022,16.2,22,34.8,,,0,HOT,DRY,Calm,155
11/3/2022,8.6,20.4,32.3,,,0,COLD,DRY,Calm,160
11/4/2022,13.3,19.3,33,,,0,COLD,DRY,Calm,182
